countycode,total_insurance,total_insurance_building,total_insurance_contents
1001,130825,100200,30625
1003,793365.56,727985.0374614367,65380.49801674746
1005,295800,231600,64200
1007,15400,15400,0
1009,186000,130000,56000
1015,117000,97000,20000
1017,332500,237500,95000
1019,715038.44,682346.1538461539,32692.30769230769
1021,350000,250000,100000
1023,109150,94150,15000
1025,127900,95900,32000
1031,185920,140160,45760
1033,156558.63,125355.1724137931,31203.44827586207
1037,350000,250000,100000
1039,145900,120900,25000
1043,210000,150000,60000
1045,61200,61200,0
1047,132055.56,106444.4444444444,25611.11111111111
1049,206085.72,161800,44285.71428571428
1051,277142.84,207142.8571428571,70000
1053,246847.83,182806.5217391304,64041.30434782609
1055,175577.78,162733.3333333333,12844.44444444445
1059,123250,112750,10500
1061,143012.5,109137.5,33875
1063,183352.17,168336.9565217391,15015.21739130435
1065,139416.67,126550,12866.66666666667
1067,221666.67,158333.3333333333,63333.33333333334
1069,246368.42,177947.3684210526,68421.05263157895
1071,76370,69970,6400
1073,236950.33,163983.2258064516,72967.09677419355
1077,198346.16,149884.6153846154,48461.53846153846
1079,133150,99200,33950
1081,323712.5,236212.5,87500
1083,350000,250000,100000
1085,280000,200000,80000
1089,254325,185462,68863
1091,82683.336,65683.33333333333,17000
1095,252000,180000,72000
1097,287189.97,227993.6430317848,59196.33251833741
1099,112900,90800,22100
1101,202350.98,151011.7647058823,51339.21568627451
1103,218031.81,164481.8181818182,53550
1107,207351.86,188788.8888888889,18562.96296296296
1111,70000,50000,20000
1113,221394.73,177815.7894736842,43578.94736842105
1115,305000,231250,73750
1117,201431.7,153768.2926829268,47663.41463414634
1119,150600,150600,0
1121,253583.33,192916.6666666667,60666.66666666666
1123,175000,125000,50000
1125,279967.5,217612.5,62355
1127,282777.78,240555.5555555556,42222.22222222222
1129,140000,100000,40000
2020,357033.34,323700,33333.33333333334
2090,184814.28,162082.8571428571,22731.42857142857
2110,232000,213666.6666666667,18333.33333333333
2122,350000,250000,100000
2130,79500,79500,0
2170,211800,171800,40000
2195,170800,145200,25600
2220,184400,184400,0
2290,119500,69500,50000
4001,171800,171800,0
4003,226625,187562.5,39062.5
4005,324781.81,233727.2727272727,91054.54545454546
4007,186314.28,142314.2857142857,44000
4009,260500,188500,72000
4012,300000,250000,50000
4013,270244.66,212396.2264150943,57848.42767295597
4015,246433.33,199766.6666666667,46666.66666666666
4017,336533.34,247644.4444444444,88888.88888888889
4019,218305.17,187239.6551724138,31065.51724137931
4021,323320.69,216437.9310344828,106882.7586206897
4023,227800,180300,47500
4025,216397.09,173957.9710144928,42439.13043478261
4027,196050,196050,0
5001,51255.555,45322.22222222222,5933.333333333333
5003,88533.336,78114.28571428571,10419.04761904762
5005,113238.46,101323.0769230769,11915.38461538462
5007,231152.44,185753.6585365854,45398.78048780488
5009,213283.33,199450,13833.33333333333
5011,179590,137050,42540
5013,27000,27000,0
5017,183716.22,135643.2432432433,48072.97297297297
5019,282075,262500,19575
5021,101336.59,85382.9268292683,15953.65853658537
5023,209818.75,184062.5,25756.25
5029,49050,48400,650
5031,188852.81,154382.0224719101,34470.78651685394
5033,178985,152185,26800
5035,146112.5,121125,24987.5
5037,175000,125000,50000
5041,96673.336,86402.22222222222,10271.11111111111
5043,123333.34,103333.3333333333,20000
5045,173194.88,146629.9145299145,26564.95726495727
5047,176300,130500,45800
5049,71900,53490.90909090909,18409.09090909091
5051,228266.67,192561.9047619048,35704.76190476191
5053,107950,87950,20000
5055,59527.273,59527.27272727273,0
5057,117650,97650,20000
5061,90000,73333.33333333333,16666.66666666667
5063,86842.859,61128.57142857143,25714.28571428571
5065,147920,125140,22780
5067,86333.336,68825.92592592593,17507.40740740741
5069,109184.67,92593.4306569343,16591.24087591241
5075,94645.453,74600,20045.45454545454
5077,98366.664,88733.33333333333,9633.333333333334
5079,188875,176375,12500
5085,188237.5,138975,49262.5
5091,119038.89,110911.1111111111,8127.777777777777
5093,190954.55,149100,41854.54545454546
5095,97118.18,91436.36363636363,5681.818181818182
5097,181400,139100,42300
5101,88100,88100,0
5103,36275,29287.5,6987.5
5105,139017.64,122547.0588235294,16470.58823529412
5107,115578.26,84669.56521739131,30908.69565217391
5111,267738.09,191885.7142857143,75852.38095238095
5113,179000,139000,40000
5115,177350,152016.6666666667,25333.33333333333
5117,83137.5,74454.16666666667,8683.333333333334
5119,227504.23,183750.1628664495,43754.07166123779
5121,183990.66,138348.5981308411,45642.05607476635
5123,93050,78050,15000
5125,263339.28,199264.2857142857,64075
5127,579000,346500,232500
5131,228042.45,181729.2452830189,46313.20754716981
5133,112350,92350,20000
5135,55000,55000,0
5139,130600,105085.7142857143,25514.28571428571
5143,209557.8,175848.623853211,33709.1743119266
5145,158427.27,132409.0909090909,26018.18181818182
5147,93344.445,76161.11111111111,17183.33333333333
5149,193300,175800,17500
6001,314217.5,243040,71177.5
6003,500000,500000,0
6005,227266.67,181950,45316.66666666666
6007,264243.34,215393.3333333333,48850
6009,327857.16,246428.5714285714,81428.57142857143
6011,246315.39,214107.6923076923,32207.69230769231
6013,305528.56,258486.8131868132,47041.75824175825
6015,148066.67,108066.6666666667,40000
6017,281730.44,212984.7826086956,68745.65217391304
6019,317214.28,230000,87214.28571428571
6021,202000,158785.7142857143,43214.28571428572
6023,197087.5,172087.5,25000
6029,193439.58,148481.25,44958.33333333334
6031,210000,150000,60000
6033,222136.69,200410.0591715976,21726.62721893491
6035,208604.55,187240.9090909091,21363.63636363636
6037,287845.16,219972.6744186046,67872.48062015504
6039,222240,200640,21600
6041,340772.09,278025.5813953488,62746.51162790698
6045,276692.31,228369.2307692308,48323.07692307692
6047,217691.3,201882.6086956522,15808.69565217391
6053,257546.38,199165.2173913044,58381.15942028986
6055,309236,229720,79516
6057,294147.38,246842.1052631579,47305.26315789474
6059,297793.25,225601.6853932584,72191.57303370787
6061,258000,185909.0909090909,72090.90909090909
6063,259650,211475,48175
6065,295704.97,221189.2561983471,74515.70247933884
6067,285935.22,218712.20657277,67223.00469483568
6069,253311.91,210373.8095238095,42938.09523809524
6071,218717.78,177351.1111111111,41366.66666666666
6073,372998.75,301346,71652.75
6075,334200,250000,84200
6077,239146.52,180053.488372093,59093.02325581395
6079,296090,229963.3333333333,66126.66666666667
6081,382642.25,299363.3802816902,83278.87323943662
6083,353988.63,296909.0196078431,57079.60784313725
6085,259958.66,245635.5769230769,14323.07692307692
6087,252166.91,211615.4929577465,40551.40845070423
6089,219300,182873.1707317073,36426.82926829268
6091,247157.14,208442.8571428571,38714.28571428572
6093,234300,234300,0
6095,270787.88,201012.1212121212,69775.75757575757
6097,213853.5,190573.2519422864,23280.24417314096
6099,111370,92950,18420
6101,388665.78,219842.1052631579,168823.6842105263
6103,179463.64,134827.2727272727,44636.36363636364
6105,163600,163600,0
6107,305388.88,232055.5555555556,73333.33333333333
6109,231400,175200,56200
6111,323741.25,238481.25,85260
6113,239126.47,200450,38676.47058823529
6115,269647.81,197826.0869565217,71821.73913043478
8001,233000,195000,38000
8003,350000,250000,100000
8005,199272.73,141818.1818181818,57454.54545454546
8013,394230.78,251153.8461538462,143076.9230769231
8014,196000,140000,56000
8021,280000,200000,80000
8029,350000,250000,100000
8031,265166.66,191388.8888888889,73777.77777777778
8035,274100,189533.3333333333,84566.66666666667
8037,318290,227410,90880
8041,240896.47,176378.8235294118,64517.64705882353
8043,310500,241750,68750
8045,350000,250000,100000
8051,210000,150000,60000
8059,286125,212500,73625
8067,394444.44,261111.1111111111,133333.3333333333
8069,351185.72,206071.4285714286,145114.2857142857
8071,140000,100000,40000
8077,300000,225000,75000
8083,538140,317960,220180
8085,210000,150000,60000
8089,59533.332,49300,10233.33333333333
8097,350000,250000,100000
8101,203636.36,145454.5454545454,58181.81818181818
8105,246900,228300,18600
8107,550000,500000,50000
8113,350000,250000,100000
8117,350000,250000,100000
8119,350000,250000,100000
8123,234400,171000,63400
8125,350000,250000,100000
9001,352612.84,311863.4961439589,40749.35732647815
9003,237236.11,195938.8888888889,41297.22222222222
9005,179620,144000,35620
9007,289711.47,225204.9180327869,64506.55737704918
9009,317941.19,279300,38641.17647058824
9011,253622.22,201759.2592592593,51862.96296296296
9013,332500,237500,95000
9015,267633.34,255300,12333.33333333333
10001,232485.3,193705.8823529412,38779.41176470588
10003,575761.31,523009.4339622642,52751.88679245283
10005,387484.38,341204.9107142857,46279.46428571428
11001,255293.39,195374.0566037736,59919.33962264151
12001,284293.88,242287.7551020408,42006.12244897959
12003,154514.28,119566.6666666667,34947.61904761905
12005,456617.34,385588.9953851615,71028.36350727724
12007,191817.39,157257.6086956522,34559.78260869566
12009,346192.72,265909.3859649123,80283.33333333333
12011,1039160.4,972003.843575419,67156.6033519553
12013,196457.14,160271.4285714286,36185.71428571428
12015,411666.06,371143.1547619047,40522.91666666666
12017,199675.11,168823.9855725879,30851.12714156898
12019,285644.22,224292.6315789474,61351.57894736842
12021,744768.19,682207.4453551912,62560.72404371585
12023,188741.03,155112.8205128205,33628.20512820513
12027,182453.22,152130.6451612903,30322.58064516129
12029,153597.27,138242.4657534247,15354.79452054794
12031,448919.63,376801.8708730741,72117.75495231108
12033,567498.69,497036.7399371967,70461.91835569512
12035,545309.88,488225.6961018298,57084.16865552904
12037,311773.81,265376.7001114827,46397.10144927536
12039,314000,260000,54000
12041,208400,175746.6666666667,32653.33333333333
12043,104900,84700,20200
12045,280355.5,219155.68743818,61199.80217606331
12047,222900,187700,35200
12049,202795.66,155286.9565217391,47508.69565217391
12051,244824,190980,53844
12053,161432.5,136798.1424148607,24634.3653250774
12055,207559.45,158760.8108108108,48798.64864864865
12057,359116.03,304007.3634204275,55108.66983372922
12059,131510.72,105785.7142857143,25725
12061,440983.97,376688.0597014925,64295.89552238806
12063,243973.91,177095.6521739131,66878.26086956522
12065,42000,30000,12000
12067,32700,27500,5200
12069,221649.66,175370.6293706294,46279.02097902098
12071,497054.34,457681.4482758621,39372.89655172414
12073,260114.7,201026.4705882353,59088.23529411765
12075,194214.64,175328.0487804878,18886.58536585366
12077,105000,75000,30000
12081,339093.38,295074.3489583333,44019.01041666666
12083,235713.89,190344.4444444444,45369.44444444445
12085,366115.47,291187.1134020619,74928.35051546391
12086,2070485.1,2002923.142188414,67561.95143358689
12087,339164,305768.4721390054,33395.51827441582
12089,454981.34,394445.0704225352,60536.2676056338
12091,731208.38,658298.627787307,72909.77701543739
12093,176200,130930,45270
12095,270689.34,208127.3333333333,62562
12097,252939.39,196626.4069264069,56312.98701298701
12099,1634283.4,1561500.425079702,72782.99681190224
12101,196288.95,165718.2741116751,30570.68527918782
12103,394259.47,351200.2625820569,43059.21225382932
12105,229698.28,176285.2233676976,53413.05841924399
12107,199049.69,161329.6178343949,37720.06369426752
12109,308978,252599.5083207262,56378.4795763994
12111,361894.91,301096.6966966967,60798.1981981982
12113,311146.91,234595.5172413793,76551.37931034483
12115,401348.81,341632.5471698113,59716.27358490566
12117,277668.44,215301.6393442623,62366.80327868852
12119,205676.92,164530.7692307692,41146.15384615384
12121,199660,155250,44410
12123,208121.38,176469.465648855,31651.90839694656
12125,107540,89440,18100
12127,683153.44,634483.7148463047,48669.71877043819
12129,198366.19,177109.2526690392,21256.93950177936
12131,505648.06,431068.3116883117,74579.74025974025
12133,189997.5,145312.5,44685
13001,184000,160000,24000
13007,111611.11,90033.33333333333,21577.77777777778
13011,152600,132600,20000
13013,276666.66,233333.3333333333,43333.33333333334
13015,161000,115000,46000
13019,35000,35000,0
13021,253371.7,187254.7169811321,66116.98113207547
13023,250000,200000,50000
13027,188500,138500,50000
13029,292778.09,237849.5238095238,54928.57142857143
13031,265087.5,197400,67687.5
13035,215128.58,166557.1428571429,48571.42857142857
13039,241970.22,190788.829787234,51181.38297872341
13045,691800,366800,325000
13047,137349.19,119570.4918032787,17778.68852459016
13049,232500,162500,70000
13051,301651.63,243963.0684931507,57688.54794520548
13055,280000,180000,100000
13057,276500,197500,79000
13059,44200,37800,6400
13063,187292.86,143364.2857142857,43928.57142857143
13065,94000,74000,20000
13067,238945.13,179038.0530973451,59907.0796460177
13069,183237.5,146237.5,37000
13071,518150,263300,254850
13073,252500,200025.4545454546,52474.54545454546
13077,241000,175000,66000
13081,187797.73,156161.3636363636,31636.36363636364
13083,185000,185000,0
13087,196416.67,167750,28666.66666666667
13089,249756.92,199933.4615384615,49823.46153846154
13091,140000,100000,40000
13093,118466.66,105533.3333333333,12933.33333333333
13095,169632.36,141679.4117647059,27952.94117647059
13097,343333.34,254166.6666666667,89166.66666666667
13099,140400,120400,20000
13103,226060.88,170713.0434782609,55347.82608695652
13107,37500,37500,0
13111,193768.75,161287.5,32481.25
13113,232531.25,177687.5,54843.75
13115,245306.25,170575,74731.25
13117,281275,203541.6666666667,77733.33333333333
13121,292370.31,228156.862745098,64213.44537815126
13123,307500,237500,70000
13127,375744.19,321583.1295843521,54161.04319478403
13129,97333.336,97333.33333333333,0
13133,350000,250000,100000
13135,276566.66,226205.3333333333,50361.33333333334
13137,289562.97,215859.2592592593,73703.70370370371
13139,299400,236200,63200
13145,304200,215366.6666666667,88833.33333333333
13151,255591.67,190208.3333333333,65383.33333333334
13153,237983.78,188683.7837837838,49300
13155,120000,120000,0
13157,140000,100000,40000
13161,112833.34,92166.66666666667,20666.66666666667
13173,137500,130000,7500
13175,60900,49260,11640
13177,240536.08,187688.6597938144,52847.42268041237
13179,218407.3,181383.3333333333,37023.95833333334
13183,256666.67,183333.3333333333,73333.33333333333
13185,256666.67,183333.3333333333,73333.33333333333
13187,325000,250000,75000
13191,263620.47,223809.0909090909,39811.36363636364
13195,350000,250000,100000
13201,242850,242850,0
13205,96191.664,88858.33333333333,7333.333333333333
13207,290000,210000,80000
13209,105175,93275,11900
13211,350000,250000,100000
13213,159500,111000,48500
13215,259446.16,200580.7692307692,58865.38461538462
13217,194916.67,141750,53166.66666666666
13219,210000,150000,60000
13223,320083.34,236750,83333.33333333333
13225,100000,71200,28800
13227,121400,109400,12000
13231,350000,250000,100000
13233,138083.33,120583.3333333333,17500
13235,248100,248100,0
13237,137000,137000,0
13241,309954.53,273918.1818181818,36036.36363636364
13243,190800,144200,46600
13245,189237.88,155090.9090909091,34146.9696969697
13247,311355.56,221333.3333333333,90022.22222222222
13251,45000,45000,0
13253,118750,99142.85714285714,19607.14285714286
13255,238055.56,178888.8888888889,59166.66666666666
13257,94500,84500,10000
13261,96000,80000,16000
13267,163666.67,127927.7777777778,35738.88888888889
13269,350000,250000,100000
13273,151666.67,108333.3333333333,43333.33333333334
13275,217916.67,151858.3333333333,66058.33333333333
13277,172200,123000,49200
13279,158853.84,153353.8461538462,5500
13281,204276.92,175776.9230769231,28500
13285,194558.33,140858.3333333333,53700
13287,46000,46000,0
13291,281072.72,238386.3636363636,42686.36363636364
13293,280000,200000,80000
13295,265600,190600,75000
13297,258333.33,196566.6666666667,61766.66666666666
13299,171250,125625,45625
13303,100711.11,87211.11111111111,13500
13309,71666.664,71666.66666666667,0
13311,316946.16,250969.2307692308,65976.92307692308
13313,565714.31,415714.2857142857,150000
13321,33800,26300,7500
15001,303800,235866.6666666667,67933.33333333333
15003,1810648.5,1744286.868686869,66361.61616161616
15007,296270.19,244980.4635761589,51289.73509933775
15009,3463015.5,3411801.5625,51214.0625
16001,289856.53,218465.2173913044,71391.30434782608
16005,268800,223800,45000
16009,281950,225000,56950
16013,343774.88,278975.3926701571,64799.47643979057
16015,280000,200000,80000
16017,236250,168750,67500
16019,42000,30000,12000
16021,246500,246500,0
16027,202766.67,160266.6666666667,42500
16029,210000,150000,60000
16039,164771.42,145200,19571.42857142857
16043,280000,200000,80000
16049,197500,147500,50000
16055,294800,228508.3333333333,66291.66666666667
16057,209115,174285,34830
16059,196133.33,162800,33333.33333333334
16067,282666.66,216000,66666.66666666667
16071,45000,35000,10000
16075,146000,140000,6000
16083,160000,135000,25000
16087,170262.5,159062.5,11200
17001,126634.21,108734.2105263158,17900
17003,69302.438,61500,7802.439024390244
17005,585000,500000,85000
17007,220210,172210,48000
17009,41300,30300,11000
17011,98760,77240,21520
17013,135702.66,113545.1327433628,22157.52212389381
17015,315000,225000,90000
17017,101433.34,80500,20933.33333333333
17019,178316.67,143016.6666666667,35300
17021,42000,30000,12000
17023,133250,101150,32100
17025,140000,100000,40000
17027,244366.67,174033.3333333333,70333.33333333333
17029,187490.91,122254.5454545455,65236.36363636364
17031,237877.88,204395.0588235294,33482.82352941176
17037,185266.67,180266.6666666667,5000
17041,67150,63200,3950
17043,584706.19,538132.4742268041,46573.71134020619
17045,61000,61000,0
17049,350000,250000,100000
17053,70000,50000,20000
17055,137285.72,103000,34285.71428571428
17057,165550,116900,48650
17063,171442.11,148771.9298245614,22670.17543859649
17067,84260,71985,12275
17071,125726.66,103933.3333333333,21793.33333333333
17073,84000,69000,15000
17075,79675,71625.48076923077,8049.51923076923
17077,154333.33,122250,32083.33333333333
17081,49280,45280,4000
17083,168815.33,149606.5693430657,19208.75912408759
17085,209120,128810,80310
17089,218501.38,182190.4109589041,36310.95890410959
17091,146496.67,134966.6666666667,11530
17093,192500,137500,55000
17095,350000,250000,100000
17097,252197.27,204577.2070626003,47620.06420545746
17099,170700,135479.1666666667,35220.83333333334
17101,76114.289,61614.28571428572,14500
17103,103500,97500,6000
17105,110725,97391.66666666667,13333.33333333333
17111,199741.33,179733.0578512397,20008.26446280992
17113,176828.58,144542.8571428571,32285.71428571429
17115,178857.14,130285.7142857143,48571.42857142857
17117,40000,30000,10000
17119,191890.25,147771.5447154471,44118.69918699187
17123,89514.289,75085.71428571429,14428.57142857143
17125,56122.223,48344.44444444445,7777.777777777777
17127,458933.34,260400,198533.3333333333
17129,86250,86250,0
17131,42000,30000,12000
17133,189587.5,120087.5,69500
17137,288700,193700,95000
17139,182000,182000,0
17141,133700,118217.3913043478,15482.60869565217
17143,128998.09,110393.3333333333,18604.7619047619
17145,250000,250000,0
17149,51290,44440,6850
17153,10000,10000,0
17155,77375,65575,11800
17157,138727.78,86372.22222222222,52355.55555555555
17161,134574.25,124713.1313131313,9861.111111111111
17163,134180,102893.3333333333,31286.66666666667
17165,90033.336,71166.66666666667,18866.66666666667
17167,222666.67,175208.3333333333,47458.33333333334
17177,97027.273,74609.09090909091,22418.18181818182
17179,384492.84,269642.8571428572,114850
17181,95916.664,84516.66666666667,11400
17183,111131.25,95825,15306.25
17187,105000,75000,30000
17189,75000,70000,5000
17191,20000,20000,0
17193,135250,120250,15000
17195,175025,147632.5,27392.5
17197,181494.19,152119.3548387097,29374.83870967742
17199,103627.27,94036.36363636363,9590.90909090909
17201,148432.11,132618.4210526316,15813.68421052631
17203,133645,117957.5,15687.5
18001,44500,44500,0
18003,157652.38,129728.5714285714,27923.80952380952
18005,169600,133350,36250
18011,126000,90000,36000
18013,378948.38,354658.064516129,24290.32258064516
18015,153631.33,123944.578313253,29686.74698795181
18019,174774.8,155976.4227642276,18798.37398373984
18021,44000,40000,4000
18025,59920,53540,6380
18029,135460,114366.6666666667,21093.33333333333
18031,350000,250000,100000
18035,139286.67,110953.3333333333,28333.33333333333
18037,240000,171428.5714285714,68571.42857142857
18039,142056.67,128295.8333333333,13760.83333333333
18041,196000,140000,56000
18043,132660,119356,13304
18047,166866.67,121311.1111111111,45555.55555555555
18049,94400,83742.85714285714,10657.14285714286
18051,123833.34,118833.3333333333,5000
18053,217000,154250,62750
18055,45000,35000,10000
18057,301373.34,218313.3333333333,83060
18059,61200,61200,0
18061,255700,242588.6363636364,13111.36363636364
18063,237633.33,237633.3333333333,0
18065,148900,141400,7500
18067,203333.33,144444.4444444444,58888.88888888889
18069,90000,45000,45000
18071,188800,145140,43660
18073,156850,139381.25,17468.75
18077,113605.41,96808.10810810811,16797.2972972973
18081,178785.72,154102.8571428571,24682.85714285714
18083,120360,93260,27100
18085,205359.38,174090.625,31268.75
18087,234200,177647.3684210526,56552.63157894737
18089,222755,174097.5,48657.5
18091,165950,131628.5714285714,34321.42857142857
18095,289150,241650,47500
18097,198327.38,164165.4761904762,34161.90476190476
18099,140757.89,122678.9473684211,18078.94736842105
18101,34000,34000,0
18103,210000,150000,60000
18105,167275,133480,33795
18107,350000,250000,100000
18109,172858.83,134670.5882352941,38188.23529411765
18111,136542.86,110828.5714285714,25714.28571428571
18113,142219.56,127569.5652173913,14650
18115,250000,250000,0
18117,78500,57500,21000
18119,75533.336,66333.33333333333,9200
18121,70000,50000,20000
18123,158980,114380,44600
18127,216713.33,167726.6666666667,48986.66666666666
18129,188009.09,147363.6363636364,40645.45454545454
18131,83700,71773.68421052632,11926.31578947369
18133,350000,250000,100000
18135,52500,52500,0
18137,112750,107750,5000
18139,155000,125000,30000
18141,211792.45,170667.9245283019,41124.52830188679
18143,280000,200000,80000
18145,75920,63540,12380
18147,180400,130400,50000
18149,166966.67,141113.3333333333,25853.33333333333
18151,195625,145625,50000
18155,82466.664,65141.66666666666,17325
18157,125262.5,98362.5,26900
18159,42900,36300,6600
18163,107797.44,90317.94871794872,17479.48717948718
18167,166450,137650,28800
18169,151666.67,108333.3333333333,43333.33333333334
18173,332600,302600,30000
18175,88020,65020,23000
18177,141966.67,112800,29166.66666666667
18179,203333.33,150000,53333.33333333334
18181,170716,139508,31208
18183,105000,75000,30000
19005,189800,141800,48000
19011,177168.75,134834.375,42334.375
19013,167770.17,139142.9824561403,28627.19298245614
19015,186666.67,133333.3333333333,53333.33333333334
19017,132568.19,119147.7272727273,13420.45454545455
19019,136222.22,113733.3333333333,22488.88888888889
19023,109501.47,84677.94117647059,24823.52941176471
19029,28000,20000,8000
19031,137350,117775,19575
19033,262738.47,196430.7692307692,66307.69230769231
19035,88953.844,72623.07692307692,16330.76923076923
19037,152500,131181.25,21318.75
19041,68080,68080,0
19043,169116,126968,42148
19045,105345.84,87637.5,17708.33333333333
19049,294000,210000,84000
19055,117477.78,92261.11111111111,25216.66666666667
19057,135358.77,94474.22680412371,40884.53608247422
19059,332500,237500,95000
19061,96007.141,88500,7507.142857142857
19063,138675,117350,21325
19065,122413.34,94680,27733.33333333333
19067,118972.5,98895,20077.5
19069,155000,140000,15000
19071,156524.42,113151.1450381679,43373.28244274809
19077,350000,250000,100000
19083,350000,250000,100000
19085,90945.453,81877.27272727272,9068.181818181818
19089,54250,38750,15500
19093,30000,30000,0
19095,66333.336,55000,11333.33333333333
19097,148700,114500,34200
19099,119000,85000,34000
19103,294357.16,235514.2857142857,58842.85714285714
19105,14300,14300,0
19109,270000,250000,20000
19111,150333.33,131366.6666666667,18966.66666666667
19113,561547.69,435624.3523316062,125923.3160621762
19115,177500,132500,45000
19125,350000,250000,100000
19129,287745.47,190775.7575757576,96969.69696969698
19131,204000,148000,56000
19133,350000,250000,100000
19137,55800,55800,0
19139,141537.84,124245.9459459459,17291.89189189189
19141,210000,150000,60000
19145,200000,150000,50000
19147,350000,250000,100000
19149,85000,75000,10000
19153,263831.19,197541.7647058823,66289.41176470589
19155,216820.83,186040.2777777778,30780.55555555555
19163,199066.3,172006.6298342542,27059.66850828729
19165,175000,125000,50000
19167,261166.67,197833.3333333333,63333.33333333334
19169,223525,166400,57125
19171,27000,22071.42857142857,4928.571428571428
19177,48400,48400,0
19179,91160,76420,14740
19181,114000,114000,0
19187,165750,143250,22500
19191,137484,92440,45044
19193,136156.52,116417.3913043478,19739.13043478261
19195,11800,0,11800
20001,419000,333333.3333333333,85666.66666666667
20009,64718.184,60172.72727272727,4545.454545454545
20011,100100,100100,0
20015,151159.19,126428.5714285714,24730.61224489796
20017,12300,12300,0
20021,78050,72425,5625
20027,186666.67,133333.3333333333,53333.33333333334
20029,35000,35000,0
20031,132500,132500,0
20035,281527.78,175416.6666666667,106111.1111111111
20037,36500,36000,500
20041,300000,233333.3333333333,66666.66666666667
20043,148535,106885,41650
20045,207177.78,157280,49897.77777777778
20047,97500,97500,0
20051,158327.27,122872.7272727273,35454.54545454546
20055,245000,175000,70000
20057,140000,100000,40000
20059,371818.75,244693.75,127125
20061,157500,112500,45000
20079,186033.33,142026.6666666667,44006.66666666666
20087,157750,151200,6550
20091,299645.38,223789.0756302521,75856.3025210084
20095,530783.31,276516.6666666667,254266.6666666667
20099,188966.67,160944.4444444444,28022.22222222222
20103,251336.36,191572.7272727273,59763.63636363636
20111,192480,185080,7400
20113,247300,188966.6666666667,58333.33333333334
20115,39650,39650,0
20121,214991.67,172750,42241.66666666666
20123,72200,66600,5600
20125,138220,116205,22015
20131,70000,50000,20000
20133,130850,87972.22222222222,42877.77777777778
20139,250000,250000,0
20143,75000,75000,0
20149,311125,243750,67375
20155,130275,112325,17950
20157,245000,175000,70000
20159,90663.633,79400,11263.63636363636
20161,247882.5,191267.5,56615
20165,73433.336,73066.66666666667,366.6666666666667
20169,197038.47,175500,21538.46153846154
20173,190397.48,150377.3109243698,40020.16806722689
20175,204250,154250,50000
20177,196357.89,146936.8421052631,49421.05263157895
20191,111682.26,97546.77419354839,14135.48387096774
20197,65850,65850,0
20205,259876.92,181707.6923076923,78169.23076923077
20209,450494.44,264666.6666666667,185827.7777777778
21001,115300,115300,0
21003,157000,117000,40000
21005,28000,20000,8000
21007,167700,148000,19700
21009,210000,150000,60000
21011,64872.727,55518.18181818182,9354.545454545454
21013,74651.219,61417.07317073171,13234.14634146341
21015,186810,147450,39360
21017,112032,99596,12436
21019,159805.88,107770.5882352941,52035.29411764706
21021,191000,134000,57000
21023,126575,114075,12500
21025,210000,150000,60000
21027,64866.668,49666.66666666666,15200
21029,152210,110580,41630
21033,76400,57425,18975
21035,183666.67,121666.6666666667,62000
21037,143051.92,115613.4615384615,27438.46153846154
21041,106422.22,91155.55555555556,15266.66666666667
21043,158871.42,120078.5714285714,38792.85714285714
21045,138000,118000,20000
21047,127431.58,97968.42105263157,29463.15789473684
21049,223163.64,168054.5454545454,55109.09090909091
21051,68875,56375,12500
21055,49500,39900,9600
21059,126559.58,116200,10359.57446808511
21065,87500,87500,0
21067,364808.34,282500,82308.33333333333
21069,126000,88714.28571428571,37285.71428571428
21071,145610.45,111264.1791044776,34346.26865671642
21073,252222.22,210000,42222.22222222222
21075,17600,17600,0
21077,148891.67,126225,22666.66666666667
21083,58700,58700,0
21085,105000,75000,30000
21089,98086.516,74740.44943820225,23346.06741573034
21091,123900,95566.66666666667,28333.33333333333
21093,114406.85,96715.06849315068,17691.78082191781
21095,138553.84,109761.5384615385,28792.30769230769
21097,50566.668,15816.66666666667,34750
21099,40666.668,37333.33333333334,3333.333333333333
21101,111604.55,104015.9090909091,7588.636363636364
21107,169206.67,143200,26006.66666666667
21111,303212.63,267525.8064516129,35686.82795698925
21115,196051.22,143802.4390243902,52248.78048780488
21117,190062.16,166340.5405405405,23721.62162162162
21121,115260,90210,25050
21127,146933.33,124111.1111111111,22822.22222222222
21131,31400,12400,19000
21133,76300,74200,2100
21135,100800,80800,20000
21139,121925,95625,26300
21141,75814.289,55900,19914.28571428571
21145,230541.47,166690.243902439,63851.21951219512
21149,176666.67,133333.3333333333,43333.33333333334
21151,160900,109250,51650
21153,119700,75992.30769230769,43707.6923076923
21157,139616.67,106172.2222222222,33444.44444444445
21159,162141.67,132700,29441.66666666667
21161,105000,75000,30000
21163,145000,125000,20000
21165,424080,344080,80000
21167,48300,40700,7600
21171,210000,150000,60000
21173,89860,72526.66666666667,17333.33333333333
21175,51250,31250,20000
21177,250000,150000,100000
21179,247680,186280,61400
21181,49900,49900,0
21183,32600,32600,0
21185,194352.38,166778.835978836,27573.54497354497
21189,32000,32000,0
21191,90750,70500,20250
21193,69461.539,64153.84615384616,5307.692307692308
21195,173670,124170,49500
21197,108000,85500,22500
21199,245000,175000,70000
21203,48666.668,40666.66666666666,8000
21205,120578.79,98472.72727272728,22106.06060606061
21207,121000,110500,10500
21209,215487.5,163000,52487.5
21211,265000,189285.7142857143,75714.28571428571
21213,116666.66,83333.33333333333,33333.33333333334
21215,181700,181700,0
21217,150000,150000,0
21219,130750,112750,18000
21223,228533.33,171000,57533.33333333334
21225,168000,149000,19000
21227,199025,154875,44150
21229,262500,187500,75000
21233,130000,100000,30000
21235,74125,61125,13000
21239,358880,332880,26000
22001,148695.08,116817.7347242921,31877.34724292101
22003,150123.36,112765.4205607477,37357.94392523365
22005,200772.33,174410.2658788774,26362.06302314131
22007,160829.03,138790.3225806452,22038.70967741936
22009,118968.79,88108.91719745223,30859.87261146497
22011,190622.77,141912.8712871287,48709.90099009901
22013,96416.664,95183.33333333333,1233.333333333333
22015,180500.86,154257.7142857143,26243.14285714286
22017,219597.41,183807.1428571429,35790.25974025974
22019,216035.81,162895.406360424,53140.41117892708
22021,118179.77,96885.71428571429,21294.04761904762
22023,241865.86,186797.3333333333,55068.53333333333
22025,88032.93,71405.48780487805,16627.43902439025
22027,183691.11,140784.4444444444,42906.66666666666
22029,184046.81,145927.6595744681,38119.14893617021
22031,80211.109,72155.55555555556,8055.555555555556
22033,202735.97,175103.8247793397,27632.14285714286
22035,177461.53,134753.8461538462,42707.6923076923
22037,193154.84,154832.2580645161,38322.58064516129
22039,137118.02,107905.8139534884,29212.20930232558
22041,181048.48,136793.9393939394,44254.54545454546
22043,107687.36,86845.97701149425,20841.37931034483
22045,218690.44,163399.3174061434,55291.12627986348
22047,235281.72,162953.7634408602,72327.95698924731
22049,92500,67500,25000
22051,226538.23,172798.5635359116,53739.66850828729
22053,174734.5,141984.2105263158,32750.29239766082
22055,233392.98,181326.1639344262,52066.81967213115
22057,187948.58,152765.5660377358,35183.01886792453
22059,90800,72771.05263157895,18028.94736842105
22061,204785.72,177642.8571428571,27142.85714285714
22063,199140.89,170017.206676485,29123.68679430535
22065,138352.63,99613.15789473684,38739.47368421053
22067,149306.61,118796.2264150943,30510.37735849056
22069,154064.58,124205.5555555556,29859.02777777778
22071,367104.19,291349.7384155456,75754.44693572496
22073,163938.3,137966.7864476386,25971.50924024641
22075,220048.66,126977.027027027,93071.62162162163
22077,147857.27,119965.3225806452,27891.93548387097
22079,152487.3,120025.5291005291,32461.77248677249
22081,167750,129250,38500
22083,144528.08,114267.1232876712,30260.95890410959
22085,79216.664,64655.55555555555,14561.11111111111
22087,272642.84,193944.0476190476,78698.80952380953
22089,280532.25,204925.352112676,75606.88575899844
22091,188936.67,138536.6666666667,50400
22093,257140.91,185711.3636363636,71429.54545454546
22095,259421.63,186404.5045045045,73017.11711711712
22097,165144.89,128969.6022727273,36175.28409090909
22099,207387.92,158432.1931589537,48955.73440643863
22101,255477.83,174834.9753694581,80642.85714285714
22103,258775.05,200752.9253530599,58022.12508406187
22105,207803.94,160992.6193118757,46811.32075471698
22109,190184.58,146784.1897233202,43400.395256917
22111,141185.25,118123.0769230769,23062.17948717949
22113,190590.48,146027.7333333333,44562.75555555556
22115,180859.53,145217.4603174603,35642.06349206349
22117,147599.16,117437.9746835443,30161.18143459916
22119,155827.69,121126.1538461538,34701.53846153846
22121,234504.88,180604.8780487805,53900
22123,179000,140265.3846153846,38734.61538461538
22125,140692,115796,24896
22127,148027.78,113077.7777777778,34950
23001,158800,158800,0
23003,179915.8,138336.8421052631,41578.94736842105
23005,232615.39,183923.0769230769,48692.3076923077
23007,389900,371400,18500
23009,234666.67,186666.6666666667,48000
23011,202387.5,181325,21062.5
23013,421000,365000,56000
23015,360000,320000,40000
23017,201920,160840,41080
23019,114875,100300,14575
23023,66050,62200,3850
23025,210000,160000,50000
23027,263315.38,215384.6153846154,47930.76923076923
23029,400000,400000,0
23031,315206.19,247812.3711340206,67393.81443298969
24001,132000,101000,31000
24003,253173.95,193481.512605042,59692.43697478992
24005,281274.56,209605.9322033898,71668.64406779662
24009,260944.44,203333.3333333333,57611.11111111111
24013,192550,164400,28150
24015,272952.63,238884.2105263158,34068.42105263158
24017,255398.55,185472.4637681159,69926.08695652174
24019,213600,177134.2857142857,36465.71428571428
24021,244811.94,179838.8059701493,64973.13432835821
24023,145514.28,119642.8571428571,25871.42857142857
24025,212482.14,150150,62332.14285714286
24027,300067.16,238976.4705882353,61090.6862745098
24029,316666.66,250000,66666.66666666667
24031,284505.19,205580.9248554913,78924.2774566474
24033,264405.5,197058.6034912718,67346.88279301746
24035,304185.41,244566.6666666667,59618.75
24037,251533.33,195479.6296296296,56053.7037037037
24039,193235.84,176762.2641509434,16473.58490566038
24041,268475,193750,74725
24043,287090,222300,64790
24045,493617.19,437110.9375,56506.25
24047,473234.47,415020.6896551724,58213.79310344828
24510,869736.69,801858.6666666666,67878
25001,315679.13,267078.3505154639,48600.77319587629
25003,143016.67,121183.3333333333,21833.33333333333
25005,307520.69,245882.7586206897,61637.93103448276
25007,357142.84,285714.2857142857,71428.57142857143
25009,316519.81,272991.8811881188,43527.92079207921
25013,337488.88,304155.5555555556,33333.33333333334
25015,303333.34,216666.6666666667,86666.66666666667
25017,320156.13,261678.947368421,58477.19298245614
25019,397405.78,311926.9230769231,85478.84615384616
25021,322252.66,292528.8834951457,29723.78640776699
25023,315625.72,281509.7333333333,34116
25025,497527.94,434314.705882353,63213.23529411765
25027,290397.44,234469.2307692308,55928.20512820513
26001,316666.66,250000,66666.66666666667
26005,400150,380050,20100
26007,183866.67,150533.3333333333,33333.33333333334
26011,155383.61,132563.9344262295,22819.67213114754
26015,124829.69,109804.6875,15025
26017,162258.03,141465.4320987654,20792.59259259259
26019,728000,664000,64000
26021,223264.39,186149.3150684932,37115.06849315068
26023,158536.36,127427.2727272727,31109.09090909091
26025,214277.78,162944.4444444444,51333.33333333334
26027,205933.33,152600,53333.33333333334
26029,262500,187500,75000
26031,115000,115000,0
26033,210000,150000,60000
26035,350000,250000,100000
26037,166000,142666.6666666667,23333.33333333333
26041,216250,191250,25000
26045,176070.59,155794.1176470588,20276.47058823529
26047,800500,500000,300500
26049,187635,141105,46530
26051,251428.58,197400,54028.57142857143
26053,227500,162500,65000
26055,299642.84,168928.5714285714,130714.2857142857
26057,131025,106025,25000
26059,100371.43,83228.57142857143,17142.85714285714
26061,136250,101250,35000
26063,108000,95538.46153846153,12461.53846153846
26065,197181.13,169056.6037735849,28124.52830188679
26067,117766.66,109108.3333333333,8658.333333333334
26069,153021.63,123235.1351351351,29786.48648648649
26073,173126.09,138760.8695652174,34365.21739130434
26075,190920,148520,42400
26077,285016.5,197934.8623853211,87081.65137614679
26081,178832.81,145210.9375,33621.875
26085,209907.69,148876.9230769231,61030.76923076923
26089,277700,251588.8888888889,26111.11111111111
26091,81000,81000,0
26093,194383.33,167058.3333333333,27325
26097,194666.67,168000,26666.66666666667
26099,206194.83,183560.3448275862,22634.48275862069
26101,171521.42,137750,33771.42857142857
26103,245714.28,200000,45714.28571428572
26105,190120,150120,40000
26107,104200,91400,12800
26109,192630,149630,43000
26111,147836.78,126543.1818181818,21293.59504132231
26115,170138.3,159647.5177304964,10490.78014184397
26121,332294.34,306684.9056603773,25609.43396226415
26123,131350,97750,33600
26125,276686.5,228783.7837837838,47902.7027027027
26127,245000,195000,50000
26133,68566.664,64566.66666666666,4000
26139,238303.17,178026.9841269841,60276.19047619047
26143,28000,20000,8000
26145,113230.88,107380.350877193,5850.526315789473
26147,196154.28,173638.2899628253,22515.98513011152
26149,121951.73,92010.3448275862,29941.37931034483
26153,70000,50000,20000
26155,87766.664,87766.66666666667,0
26157,70566.664,63060,7506.666666666667
26159,825253.88,810615.3846153846,14638.46153846154
26161,175777.78,149777.7777777778,26000
26163,160746.78,131714.2857142857,29032.49299719888
27001,256250,206250,50000
27003,339823.81,274538.0952380953,65285.71428571428
27005,280000,200000,80000
27007,140000,100000,40000
27009,189000,135000,54000
27013,213044.44,153733.3333333333,59311.11111111111
27015,203125,159075,44050
27017,280000,200000,80000
27019,140000,100000,40000
27023,187950,128450,59500
27025,350000,250000,100000
27027,107350,80150,27200
27031,124250,88750,35500
27033,198866.67,135533.3333333333,63333.33333333334
27035,158333.33,115000,43333.33333333334
27037,374627.28,251257.5757575757,123369.696969697
27039,150275,128100,22175
27043,80100,66100,14000
27045,96928.57,75214.28571428571,21714.28571428571
27047,323250,221250,102000
27049,128921.88,104771.875,24150
27053,238137.25,176568.6274509804,61568.62745098039
27055,205800,205800,0
27059,192700,182700,10000
27063,156500,110900,45600
27065,197433.33,151600,45833.33333333334
27069,199500,159500,40000
27073,43333.332,33333.33333333334,10000
27075,475000,312500,162500
27079,204941.17,170758.8235294118,34182.35294117647
27081,70000,50000,20000
27083,196666.67,143333.3333333333,53333.33333333334
27085,76000,50000,26000
27089,92150,89650,2500
27093,350000,250000,100000
27095,292566.66,225900,66666.66666666667
27097,224771.42,158714.2857142857,66057.14285714286
27099,194514.28,141514.2857142857,53000
27101,124988.89,118544.4444444444,6444.444444444444
27103,340222.22,250000,90222.22222222222
27105,77500,77500,0
27107,245000,175000,70000
27109,279176.47,187647.0588235294,91529.41176470589
27111,282500,212500,70000
27113,350000,250000,100000
27115,212413.05,155891.3043478261,56521.73913043478
27117,130750,119500,11250
27119,229647.06,160294.1176470588,69352.94117647059
27123,222600,159000,63600
27129,227500,162500,65000
27131,197500,129642.8571428571,67857.14285714286
27133,146900,133566.6666666667,13333.33333333333
27137,153571.42,110714.2857142857,42857.14285714286
27139,184966.67,148966.6666666667,36000
27141,248200,214866.6666666667,33333.33333333334
27143,158333.33,116666.6666666667,41666.66666666666
27145,215120,154480,60640
27147,197864.7,136541.1764705882,61323.52941176471
27151,350000,250000,100000
27153,140000,100000,40000
27155,200000,200000,0
27157,184586.67,151106.6666666667,33480
27161,210000,150000,60000
27163,540041.88,499997.6744186046,40044.18604651163
27165,446100,312650,133450
27167,70000,50000,20000
27169,108500,66600,41900
27171,269125,216500,52625
27173,168575,131850,36725
28001,364560,224560,140000
28003,211650,161650,50000
28007,135000,101666.6666666667,33333.33333333334
28011,167800,128904.9180327869,38895.08196721312
28013,222750,167750,55000
28015,233333.33,166666.6666666667,66666.66666666667
28019,202000,152000,50000
28021,44466.668,34566.66666666666,9900
28023,130429.41,90652.94117647059,39776.47058823529
28025,212300,187094.7368421053,25205.26315789474
28027,138769.64,120166.0714285714,18603.57142857143
28029,168800,150300,18500
28031,156200,130633.3333333333,25566.66666666667
28033,232388.47,185365.3846153846,47023.07692307692
28035,142878.58,108862.1428571429,34016.42857142857
28039,77450,76825,625
28041,90837.5,74087.5,16750
28043,333587.5,220337.5,113250
28045,263649.69,203816.6666666667,59833.01282051282
28047,352911.44,275841.3793103448,77070.04926108374
28049,175540.67,135268.3146067416,40272.3595505618
28051,250566.67,172777.7777777778,77788.88888888889
28053,202068.19,138845.4545454546,63222.72727272727
28055,73966.664,66166.66666666667,7800
28059,300554.84,237310.773480663,63244.06077348066
28067,100422.73,80536.36363636363,19886.36363636364
28071,225000,158000,67000
28073,118264.52,97125.80645161291,21138.70967741936
28075,196963.64,152272.7272727273,44690.90909090909
28077,130422.22,92722.22222222222,37700
28079,47200,29533.33333333333,17666.66666666667
28081,225170.38,151544.4444444444,73625.92592592593
28083,154184.84,115254.5454545455,38930.30303030303
28085,107400,92428.57142857143,14971.42857142857
28087,162767.23,143236.2068965517,19531.03448275862
28089,128316.03,99421.37404580152,28894.65648854962
28091,94257.5,71283.75,22973.75
28093,42000,30000,12000
28095,193973.33,169286.6666666667,24686.66666666667
28099,350000,250000,100000
28103,210833.33,185833.3333333333,25000
28105,142660,108500,34160
28107,138500,103166.6666666667,35333.33333333334
28109,165737.31,131586.5671641791,34150.74626865672
28111,107220.52,88820.51282051283,18400
28113,215766.67,149722.2222222222,66044.44444444444
28115,210000,150000,60000
28119,104904.55,81722.72727272728,23181.81818181818
28121,193942.78,149647.7611940299,44295.02487562189
28123,82454.547,62454.54545454546,20000
28125,73395.234,70885.71428571429,2509.52380952381
28127,221100,153650,67450
28131,150650,127330,23320
28133,180756,136232,44524
28135,95237.5,87675,7562.5
28137,159500,140828.5714285714,18671.42857142857
28141,350000,250000,100000
28143,145462.5,114787.5,30675
28147,119503.7,98700,20803.7037037037
28149,175732.23,144554.5023696682,31177.72511848341
28151,116447.54,93912.02185792349,22535.51912568306
28153,174877.78,139600,35277.77777777778
28157,127095.7,104106.4516129032,22989.24731182796
28161,42000,30000,12000
28163,130155.32,105778.7234042553,24376.59574468085
29001,180000,180000,0
29003,162630.56,134222.2222222222,28408.33333333333
29005,179461.91,135771.4285714286,43690.47619047619
29011,60500,60500,0
29013,298333.34,225000,73333.33333333333
29015,183000,183000,0
29017,109900,74980,34920
29019,113128.57,102800,10328.57142857143
29021,161093.28,128437.5838926174,32655.70469798658
29023,130378.41,93093.18181818182,37285.22727272727
29027,112542.3,106915.3846153846,5626.923076923077
29029,244388.89,196011.1111111111,48377.77777777778
29031,194920.83,133437.5,61483.33333333334
29033,108147.62,89107.14285714286,19040.47619047619
29035,158979.31,142551.724137931,16427.58620689655
29037,208262.03,170900,37362.0253164557
29041,44641.176,41994.11764705883,2647.058823529412
29043,217577.78,179211.1111111111,38366.66666666666
29045,298242.84,120557.1428571429,177685.7142857143
29047,173616.28,147227.9069767442,26388.37209302326
29049,161950,126450,35500
29051,196052.31,148632.3076923077,47420
29055,186816,148280,38536
29061,79000,59000,20000
29065,71500,71500,0
29069,120100,98100,22000
29071,126326.09,101517.3913043478,24808.69565217391
29073,79366.664,63018.84057971014,16347.82608695652
29075,70000,50000,20000
29077,362255.56,234788.8888888889,127466.6666666667
29079,155000,150000,5000
29081,60000,60000,0
29087,130911.03,116071.1743772242,14839.85765124555
29089,90162.5,90162.5,0
29091,193800,151397.9166666667,42402.08333333334
29093,39300,36500,2800
29095,293687.16,214019.7860962567,79667.37967914439
29097,147738.3,125323.4042553192,22414.89361702128
29099,115669.2,95249.00662251655,20420.19867549669
29101,231700,165500,66200
29105,126300,114966.6666666667,11333.33333333333
29111,67700,54957.14285714286,12742.85714285714
29113,96949.344,83934.53947368421,13014.80263157895
29115,149166.67,112166.6666666667,37000
29117,78150,63150,15000
29119,140191.61,120855.9440559441,19335.66433566434
29123,29100,21600,7500
29125,141464.28,107935.7142857143,33528.57142857143
29127,128300,108270,20030
29131,350000,200000,150000
29133,48500,48500,0
29135,80000,80000,0
29139,117200,117200,0
29141,200000,150000,50000
29143,243525,188525,55000
29145,112329,93868,18461
29147,10000,10000,0
29149,138500,107350,31150
29151,89017.391,76060.86956521739,12956.52173913043
29153,128375,115150,13225
29155,198375,173375,25000
29157,48120,41080,7040
29159,140216.67,110216.6666666667,30000
29161,165063.64,124209.0909090909,40854.54545454546
29163,89057.141,76381.95488721805,12675.18796992481
29165,179446.16,150321.1538461538,29125
29169,156313.95,119158.1395348837,37155.81395348837
29171,40000,40000,0
29173,113642.86,85071.42857142857,28571.42857142857
29177,262500,187500,75000
29179,132924,107788,25136
29181,187391.67,153990,33401.66666666666
29183,146666.2,121893.6467598475,24772.5540025413
29186,136330,99070,37260
29187,175050,140935.7142857143,34114.28571428572
29189,250587.59,177949.4525547445,72638.13868613138
29195,33900,33900,0
29201,92491.305,80882.60869565218,11608.69565217391
29203,65133.332,58466.66666666666,6666.666666666667
29207,65583.336,59750,5833.333333333333
29209,168695,136830,31865
29213,559900,528719.1780821917,31180.82191780822
29217,84280,58620,25660
29219,419675,263425,156250
29223,191366.67,106283.3333333333,85083.33333333333
29229,49000,35000,14000
29510,492300,341514.2857142857,150785.7142857143
30005,105000,75000,30000
30009,292000,212333.3333333333,79666.66666666667
30013,117975,107300,10675
30017,157500,112500,45000
30021,140000,100000,40000
30023,350000,250000,100000
30029,265130,189190,75940
30031,372857.16,235714.2857142857,137142.8571428571
30033,27000,27000,0
30041,230000,180000,50000
30049,241961.53,177038.4615384615,64923.07692307692
30051,196333.33,169666.6666666667,26666.66666666667
30053,350000,250000,100000
30063,236784.61,177461.5384615385,59323.07692307692
30067,188666.67,155333.3333333333,33333.33333333334
30071,25100,25100,0
30081,350000,250000,100000
30083,103333.34,96666.66666666667,6666.666666666667
30087,280000,200000,80000
30095,200000,150000,50000
30097,350000,250000,100000
30099,140000,100000,40000
30105,169285.72,155000,14285.71428571429
30107,280000,200000,80000
30111,273133.34,200333.3333333333,72800
31001,173200,130000,43200
31003,36375,31375,5000
31011,147700,120600,27100
31015,58166.668,51833.33333333334,6333.333333333333
31019,341883.34,244974.0740740741,96909.25925925926
31021,194216.67,152058.3333333333,42158.33333333334
31023,47966.668,42433.33333333334,5533.333333333333
31025,192513.25,159443.3734939759,33069.87951807229
31027,106600,104100,2500
31035,70000,50000,20000
31037,102210.71,82675,19535.71428571429
31039,91960,87700,4260
31041,127750,100250,27500
31043,299433.34,230000,69433.33333333333
31047,165609.38,127359.375,38250
31049,15000,15000,0
31051,105000,75000,30000
31053,128219.23,116598.0769230769,11621.15384615385
31055,163743.27,146256.3265306122,17486.9387755102
31065,99000,99000,0
31067,289720,205320,84400
31079,199942.31,168788.4615384615,31153.84615384615
31089,63425,58425,5000
31093,110427.27,101336.3636363636,9090.90909090909
31097,175000,125000,50000
31101,210000,200000,10000
31107,132272.73,104090.9090909091,28181.81818181818
31109,184847.06,146611.7647058823,38235.29411764706
31111,123750,101750,22000
31119,200081.81,155536.3636363636,44545.45454545454
31121,42000,30000,12000
31125,207433.33,180766.6666666667,26666.66666666667
31129,70000,50000,20000
31131,210000,150000,60000
31137,126250,121250,5000
31139,105000,82142.85714285714,22857.14285714286
31141,186168.42,152484.2105263158,33684.21052631579
31143,27866.666,27866.66666666667,0
31145,150000,125000,25000
31147,144333.33,110000,34333.33333333334
31151,81071.43,79642.85714285714,1428.571428571429
31153,225734.61,194834.6153846154,30900
31155,248381.13,200556.6037735849,47824.52830188679
31157,141000,105000,36000
31159,81860,81860,0
31161,350000,250000,100000
31167,150000,100000,50000
31169,58000,48000,10000
31173,425000,375000,50000
31175,133666.67,107000,26666.66666666667
31177,124488.46,104700,19788.46153846154
31181,227500,162500,65000
32001,350000,250000,100000
32003,389125,259125,130000
32005,219188.23,186341.1764705882,32847.05882352941
32007,145287.5,136762.5,8525
32013,266000,190000,76000
32019,258160,215780,42380
32023,200462.5,189325,11137.5
32031,382235.06,305188.8059701492,77046.26865671642
32033,75000,75000,0
32510,342500,287500,55000
33003,214068.42,165363.1578947369,48705.26315789474
33005,288750,206250,82500
33007,135037.5,112537.5,22500
33009,190797.14,149648.5714285714,41148.57142857143
33011,311592.84,210107.1428571429,101485.7142857143
33013,279116.66,222450,56666.66666666666
33015,329487.41,309342.5196850394,20144.88188976378
33017,42000,30000,12000
33019,233500,183500,50000
34001,438847.06,416193.094629156,22653.9641943734
34003,390734.88,302597.3684210526,88137.5
34005,229983.48,188261.7391304348,41721.73913043478
34007,201642.98,156614.953271028,45028.03738317757
34009,378623.78,354314.2953929539,24309.48509485095
34011,269956.75,219000,50956.75675675676
34013,290292.56,236019.0082644628,54273.55371900826
34015,212127.13,177701.6949152543,34425.42372881356
34017,498499.41,470083.734939759,28415.66265060241
34019,285231.25,246187.5,39043.75
34021,270395.25,207119.0476190476,63276.19047619047
34023,265026.88,210490.3225806452,54536.55913978495
34025,333011.81,271975.2688172043,61036.55913978495
34027,270177.78,215980.5555555556,54197.22222222222
34029,312298.84,263658.9353612167,48639.92395437262
34031,276512.03,218865.8227848101,57646.20253164557
34033,319427.03,292129.7297297297,27297.2972972973
34035,239227.03,180797.2972972973,58429.72972972973
34037,306666.66,283333.3333333333,23333.33333333333
34039,282797.44,234246.1538461538,48551.28205128205
34041,200120,184040,16080
35001,216255.56,188211.1111111111,28044.44444444445
35005,140000,100000,40000
35009,477000,278500,198500
35013,227963.64,200145.4545454546,27818.18181818182
35015,128000,128000,0
35025,147611.11,140333.3333333333,7277.777777777777
35027,350000,250000,100000
35029,280000,200000,80000
35031,84000,84000,0
35035,280545.47,218727.2727272727,61818.18181818182
35039,210000,150000,60000
35041,76100,76100,0
35043,142000,132000,10000
35045,225350,150350,75000
35047,147000,143000,4000
35049,241654.55,202563.6363636364,39090.90909090909
35051,80200,40200,40000
35053,228566.67,176900,51666.66666666666
35055,350000,250000,100000
35061,162695.45,139059.0909090909,23636.36363636364
36001,170500,136409.0909090909,34090.90909090909
36003,25000,25000,0
36005,236089.75,202833.3333333333,33256.41025641026
36007,255282.36,183735.294117647,71547.05882352941
36009,186416.67,136416.6666666667,50000
36011,138497.38,122876.3157894737,15621.05263157895
36013,176206.25,139209.375,36996.875
36015,214470,152323.3333333333,62146.66666666666
36017,132546.16,108700,23846.15384615385
36019,171700,121183.3333333333,50516.66666666666
36021,262500,187500,75000
36023,159230,106910,52320
36025,137563.64,102127.2727272727,35436.36363636364
36027,256237.5,197100,59137.5
36029,233780.91,178283.1460674157,55497.75280898876
36031,230068.42,176668.4210526316,53400
36033,25950,12500,13450
36035,242316.67,178916.6666666667,63400
36037,132426.31,94563.15789473684,37863.15789473684
36039,222820,173393.3333333333,49426.66666666666
36041,150512.5,125512.5,25000
36043,158701.92,126586.5384615385,32115.38461538462
36045,204571.91,170112.3595505618,34459.55056179775
36047,311276.16,241454.128440367,69822.01834862385
36049,75000,75000,0
36051,109712.5,88462.5,21250
36053,112578.57,95778.57142857143,16800
36055,300803.59,266824.5508982036,33979.04191616766
36057,226250,174375,51875
36059,289459.84,220588.2978723404,68871.5425531915
36061,360456.53,240217.3913043478,120239.1304347826
36063,233450,189343.75,44106.25
36065,145257.88,116906.7524115756,28351.12540192926
36067,192538.7,154970.9677419355,37567.74193548387
36069,213340,168786.6666666667,44553.33333333334
36071,245600,192003.8461538462,53596.15384615384
36073,154555.56,125666.6666666667,28888.88888888889
36075,148418.38,120022.4489795918,28395.91836734694
36077,171236.36,132000,39236.36363636364
36079,350000,250000,100000
36081,281993.78,231088.198757764,50905.5900621118
36083,163504.77,135095.2380952381,28409.52380952381
36085,291447.16,220350,71097.14285714286
36087,330050,252145.8333333333,77904.16666666667
36089,113518.18,102118.1818181818,11400
36091,422329.41,301711.7647058823,120617.6470588235
36093,169927.27,131290.9090909091,38636.36363636364
36097,458780,322140,136640
36099,222584.2,176978.947368421,45605.26315789474
36101,121816.66,95150,26666.66666666667
36103,271973.91,213087.3345935728,58886.57844990548
36105,154421.05,124810.5263157895,29610.52631578947
36107,138571.7,109745.2830188679,28826.41509433962
36109,143171.42,107385.7142857143,35785.71428571428
36111,203328.58,160642.8571428571,42685.71428571428
36113,209833.33,174833.3333333333,35000
36115,350000,250000,100000
36117,199740.91,174006.4935064935,25734.41558441558
36119,573179.94,513468.691588785,59711.21495327102
36121,140071.42,116500,23571.42857142857
36123,158600,158600,0
37001,221988.47,171430.7692307692,50557.6923076923
37003,443400,232733.3333333333,210666.6666666667
37005,303333.34,216666.6666666667,86666.66666666667
37009,373240,286240,87000
37011,255625,204250,51375
37013,182000.14,159260.1885424221,22739.9564902103
37015,165336.05,115590.6976744186,49745.34883720931
37017,182315.67,144113.4328358209,38202.23880597015
37019,304745.78,249471.7014503007,55274.07145383799
37021,281523.66,210027.9569892473,71495.69892473119
37023,238333.33,170833.3333333333,67500
37025,212345.45,167277.2727272727,45068.18181818182
37027,248462.5,190129.1666666667,58333.33333333334
37029,225726.13,204024.3243243243,21701.8018018018
37031,258346.19,213562.8486426181,44783.33953142432
37035,246954.55,193601.0101010101,53353.53535353536
37037,272453.84,219376.9230769231,53076.92307692308
37039,243514.28,166371.4285714286,77142.85714285714
37041,230427.27,190366.6666666667,40060.60606060606
37043,223800,163800,60000
37045,257911.11,220100,37811.11111111111
37047,171401.42,139578.4869976359,31822.93144208038
37049,259958.03,215441.8588399721,44516.17749825297
37051,248817.47,191211.301369863,57606.16438356164
37053,274388.38,222630.0653594771,51758.30065359477
37055,296965.81,253951.1872455902,43014.62008141113
37057,268134.22,200186.8421052631,67947.36842105263
37059,275333.34,216666.6666666667,58666.66666666666
37061,235569.17,171793.5233160622,63775.64766839378
37063,239066.39,184019.3277310924,55047.05882352941
37065,184781.66,143182.9457364341,41598.70801033592
37067,239707.08,185204.0404040404,54503.0303030303
37071,193061.53,155576.9230769231,37484.61538461538
37073,206600,160281.25,46318.75
37075,213750,168750,45000
37077,198083.33,164400,33683.33333333334
37079,201560.72,147187.5,54373.21428571428
37081,192375.48,164527.0967741935,27848.38709677419
37083,222683.33,153316.6666666667,69366.66666666667
37085,218109.75,167354.8780487805,50754.87804878049
37087,160044.83,128079.3103448276,31965.51724137931
37089,279957.16,244042.8571428571,35914.28571428572
37091,210896.67,162620,48276.66666666666
37093,213033.33,164666.6666666667,48366.66666666666
37095,244431.88,213944.1943127962,30487.67772511848
37097,247984.61,194473.0769230769,53511.53846153846
37099,259875,186875,73000
37101,225589.34,182208.6294416244,43380.71065989848
37103,249237.5,191807.5,57430
37105,237158.63,188296.5517241379,48862.06896551724
37107,224059.13,176804.1570438799,47254.96535796767
37109,320000,228571.4285714286,91428.57142857143
37111,184481.81,144300,40181.81818181818
37113,313663.16,218421.052631579,95242.10526315789
37115,139000,133000,6000
37117,148011.11,112611.1111111111,35400
37119,267557.59,212737.1024734982,54820.49469964665
37121,331650,242850,88800
37123,350000,250000,100000
37125,228459.38,184678.125,43781.25
37127,264241.88,204144.8275862069,60097.04433497537
37129,366566.13,308960.6211869107,57605.49084858569
37131,132920,99200,33720
37133,268993.75,220594.5139557267,48399.23002887392
37135,403062.19,343400,59662.18487394958
37137,253846.81,205792.9331306991,48053.87537993921
37139,205072,173860.6666666667,31211.33333333333
37141,247768.84,203649.8332221481,44119.01267511674
37143,216972.73,181004.5454545454,35968.18181818182
37145,278750,203750,75000
37147,231185.56,177870.7903780069,53314.7766323024
37149,315196.44,230921.4285714286,84275
37151,191746.67,146360,45386.66666666666
37153,201650,155150,46500
37155,172279.31,139256.2551103843,33023.05805396566
37157,113600,100305.2631578947,13294.73684210526
37159,243096.88,193406.25,49690.625
37161,231596,190752,40844
37163,211423.41,159574.4680851064,51848.93617021276
37165,176347.06,130700,45647.05882352941
37167,317060,246332,70728
37169,362375,232375,130000
37173,401773.69,307700,94073.68421052632
37175,214183.33,164966.6666666667,49216.66666666666
37177,140269.27,120277.0491803279,19992.2131147541
37179,244053.33,175790,68263.33333333333
37181,266500,201500,65000
37183,280314.16,219509.748427673,60804.40251572327
37187,221397.14,187657.1428571429,33740
37189,260318,199598,60720
37191,208776.06,163500.4724409449,45275.5905511811
37193,204000,146500,57500
37195,235186.16,169479.8742138365,65706.2893081761
37197,210000,150000,60000
37199,176400,137800,38600
38003,280000,200000,80000
38007,350000,250000,100000
38015,25000,25000,0
38017,201757.14,168108.5714285714,33648.57142857143
38029,143790.91,114090.9090909091,29700
38031,40000,40000,0
38035,239568.14,176143.3628318584,63424.77876106195
38045,350000,250000,100000
38047,350000,250000,100000
38053,42000,30000,12000
38059,175300,140883.3333333333,34416.66666666666
38067,38500,38500,0
38073,87900,87900,0
38077,112500,87500,25000
38089,600000,500000,100000
38093,350000,250000,100000
38097,250000,250000,0
38099,42533.332,36866.66666666666,5666.666666666667
38101,158400,104000,54400
38105,175000,125000,50000
39001,135900,107625,28275
39003,164130.44,130836.9565217391,33293.47826086957
39005,138750,105625,33125
39007,350000,250000,100000
39009,103078.95,86157.89473684211,16921.05263157895
39011,212806.06,154563.6363636364,58242.42424242424
39013,182811.77,113164.7058823529,69647.05882352941
39015,173716.67,127050,46666.66666666666
39017,212136.36,163700,48436.36363636364
39021,155557.14,124128.5714285714,31428.57142857143
39023,241285.19,167285.1851851852,74000
39025,186061.36,149661.3636363636,36400
39027,175000,125000,50000
39031,47380,45360,2020
39033,236666.67,166666.6666666667,70000
39035,286939.88,208955.0632911392,77984.81012658228
39037,131250,106250,25000
39039,147300,147300,0
39041,191852.17,151026.0869565217,40826.08695652174
39043,143935.72,134915.306122449,9020.408163265307
39045,154798.33,138666.6666666667,16131.66666666667
39047,136142.86,107571.4285714286,28571.42857142857
39049,172058.84,156311.5226337449,15747.32510288066
39051,100200,100200,0
39053,64300,62766.66666666666,1533.333333333333
39055,383000,325000,58000
39057,265556.25,191300,74256.25
39059,81950,81950,0
39061,251249.52,198300.4854368932,52949.02912621359
39063,135086.33,115458.9743589744,19627.35042735043
39065,250000,175000,75000
39067,51166.668,51166.66666666666,0
39069,65000,65000,0
39073,130716.13,109577.4193548387,21138.70967741936
39075,50266.668,46933.33333333334,3333.333333333333
39077,123900,90800,33100
39079,210450,160450,50000
39081,76769.234,61938.46153846154,14830.76923076923
39083,233750,168583.3333333333,65166.66666666666
39085,271183.34,204891.6666666667,66291.66666666667
39087,107977.78,79466.66666666667,28511.11111111111
39089,167343.64,137731.8181818182,29611.81818181818
39091,117377.78,110155.5555555556,7222.222222222223
39093,233272.34,192780.8510638298,40491.48936170213
39095,159688.47,140403.8461538462,19284.61538461538
39097,136440,110440,26000
39099,219366.67,161087.5,58279.16666666666
39101,100080,88213.33333333333,11866.66666666667
39103,185914.28,144271.4285714286,41642.85714285714
39105,49662.5,13000,36662.5
39107,224635.3,147094.1176470588,77541.17647058824
39109,218300,169550,48750
39113,166197.3,132410.8108108108,33786.48648648649
39115,66177.781,57055.55555555555,9122.222222222223
39119,207495.23,144338.0952380952,63157.14285714286
39121,127500,90000,37500
39123,124219.59,105890.7216494845,18328.86597938144
39125,112000,80000,32000
39127,153500,112500,41000
39129,112118.18,85936.36363636363,26181.81818181818
39131,175000,175000,0
39133,178650,126960,51690
39135,43666.668,36666.66666666666,7000
39137,95040,83640,11400
39139,155550,133500,22050
39141,128333.34,91666.66666666667,36666.66666666666
39143,283440,211440,72000
39145,109088.89,88277.77777777778,20811.11111111111
39147,328000,308000,20000
39149,275033.34,174166.6666666667,100866.6666666667
39151,113645.16,86854.83870967742,26790.32258064516
39153,141326.56,112318.75,29007.8125
39155,171969.23,138061.5384615385,33907.6923076923
39157,167550,125883.3333333333,41666.66666666666
39159,262500,187500,75000
39161,98185.711,81042.85714285714,17142.85714285714
39163,350000,250000,100000
39165,216755.17,157137.9310344828,59617.24137931035
39167,169210,127103.3333333333,42106.66666666666
39169,181421.73,146330.4347826087,35091.30434782609
39173,114133.34,100800,13333.33333333333
39175,114750,91777.77777777778,22972.22222222222
40001,190000,137500,52500
40003,62700,62700,0
40005,25400,25400,0
40009,16500,16500,0
40015,86325,73825,12500
40017,146014.28,115650,30364.28571428571
40019,230433.33,153211.1111111111,77222.22222222222
40021,78984,69884,9100
40027,264818.19,193363.6363636364,71454.54545454546
40031,197787.42,162517.9640718563,35269.46107784431
40035,158970,105475,53495
40037,25000,25000,0
40039,237142.86,170000,67142.85714285714
40041,146473.33,125800,20673.33333333333
40047,275555.56,204444.4444444444,71111.11111111111
40049,283233.34,208066.6666666667,75166.66666666667
40051,207714.28,142000,65714.28571428571
40055,232400,166000,66400
40057,146850,111850,35000
40065,250000,250000,0
40071,103020.69,88772.41379310345,14248.27586206897
40073,39700,35000,4700
40075,88260,65480,22780
40079,166968.75,136343.75,30625
40081,32900,0,32900
40083,248263.64,220045.4545454546,28218.18181818182
40087,173500,133500,40000
40089,74553.336,65786.66666666667,8766.666666666666
40093,315000,225000,90000
40097,160227.59,129596.5517241379,30631.03448275862
40101,199927.39,146150.6849315068,53776.71232876712
40103,240000,169000,71000
40105,156566.67,115166.6666666667,41400
40109,222561.64,169380.8219178082,53180.82191780822
40111,242400,202400,40000
40113,201253.33,158133.3333333333,43120
40115,127334.33,113074.6268656716,14259.70149253731
40117,34700,34700,0
40119,191550,149930,41620
40121,227500,162500,65000
40125,140000,100000,40000
40127,50000,50000,0
40131,236705.41,172359.4594594595,64345.94594594595
40133,557900,500000,57900
40135,140975,123012.5,17962.5
40137,202500,147142.8571428571,55357.14285714286
40143,228172.06,168727.5303643725,59444.53441295547
40145,179275,146236.1111111111,33038.88888888889
40147,165765,141180,24585
40149,136500,111500,25000
40153,213000,213000,0
41001,350000,250000,100000
41003,466666.66,283333.3333333333,183333.3333333333
41005,253412.5,202412.5,51000
41007,288000,220000,68000
41009,242127.27,216218.1818181818,25909.09090909091
41011,158133.33,147666.6666666667,10466.66666666667
41015,202657.14,155242.8571428571,47414.28571428572
41025,49600,49600,0
41029,239310,194310,45000
41033,310000,233333.3333333333,76666.66666666667
41035,350000,250000,100000
41037,140000,100000,40000
41039,278090.31,213680.6451612903,64409.67741935484
41041,524451.75,464668.9655172414,59782.75862068965
41043,161227.27,138500,22727.27272727273
41045,179500,155500,24000
41047,248360,186553.3333333333,61806.66666666666
41049,196000,186000,10000
41051,301143.75,244300,56843.75
41053,282033.34,215366.6666666667,66666.66666666667
41057,394089.47,343957.8947368421,50131.57894736842
41059,220687.88,170706.0606060606,49981.81818181818
41061,248666.67,215333.3333333333,33333.33333333334
41063,350000,250000,100000
41065,350000,250000,100000
41067,217028.58,168457.1428571429,48571.42857142857
41069,140000,140000,0
41071,156850,151850,5000
42001,192581.81,159000,33581.81818181818
42003,185370.5,139477.1293375394,45893.37539432177
42005,187063.42,152634.1463414634,34429.26829268293
42007,154865.94,121196.7032967033,33669.23076923077
42009,89650,73941.17647058824,15708.82352941176
42011,195172.28,147596.7391304348,47575.54347826087
42013,149397.47,122611.3924050633,26786.07594936709
42015,133016.19,99219.04761904762,33797.14285714286
42017,265967.66,217754.4117647059,48213.23529411765
42019,141288.31,116564.2857142857,24724.02597402598
42021,169661.91,122357.1428571429,47304.76190476191
42023,181000,131000,50000
42025,182575,155100,27475
42027,127591.43,107025.7142857143,20565.71428571429
42029,279963.91,220614.7928994083,59349.11242603551
42031,226350,157800,68550
42033,128213.16,98155.26315789473,30057.89473684211
42035,138460.88,113069.5652173913,25391.30434782609
42037,123293.05,107672.9166666667,15620.13888888889
42039,118488.57,93260,25228.57142857143
42041,157653.84,133073.0769230769,24580.76923076923
42043,208704.59,156122.9885057471,52581.6091954023
42045,300422.78,251012.6094570928,49410.15761821366
42047,139400,121894.4444444444,17505.55555555555
42049,240234.92,176263.4920634921,63971.42857142857
42051,206586.05,166721.7054263566,39864.34108527132
42053,80000,70000,10000
42055,242766.67,183500,59266.66666666666
42059,145180.56,106725,38455.55555555555
42061,155260,116325,38935
42063,123778.57,102186.9047619048,21591.66666666667
42065,187400,137550,49850
42067,137700,111033.3333333333,26666.66666666667
42069,181623.08,159069.2307692308,22553.84615384615
42071,219747.11,185084.6153846154,34662.5
42073,125133.34,99100,26033.33333333333
42075,238958,171572,67386
42077,220573.11,177417.2413793103,43155.86206896551
42079,211222,154332,56890
42081,125171.7,102807.5471698113,22364.15094339623
42083,65000,65000,0
42085,126494.12,95547.05882352941,30947.05882352941
42087,675000,375000,300000
42089,242926.56,218110.9375,24815.625
42091,277345.56,217718.0831826401,59627.48643761302
42093,101440,98720,2720
42095,225872.41,177857.7586206897,48014.65517241379
42097,164655.56,117277.7777777778,47377.77777777778
42099,199663.64,166745.4545454546,32918.18181818182
42101,228091,206214.2,21876.8
42103,255666.67,225000,30666.66666666667
42107,108771.51,88925.58139534884,19845.93023255814
42109,151470,123940,27530
42111,142936.36,119050,23886.36363636364
42113,123640,97200,26440
42115,199441.3,146152.1739130435,53289.13043478261
42117,164976.47,124470.5882352941,40505.88235294117
42119,104000,84000,20000
42121,59840,50810,9030
42123,92633.336,77633.33333333333,15000
42125,254550.66,182831.8181818182,71718.83116883117
42127,350000,250000,100000
42129,144537.91,113231.0469314079,31306.85920577617
42131,204775,171035,33740
42133,180524.2,145627.3684210526,34896.84210526316
44001,278565.22,201608.6956521739,76956.52173913043
44003,237770,189520,48250
44005,326505,284095,42410
44007,1559234.8,1495669.565217391,63565.21739130434
44009,350953.84,259400,91553.84615384616
45003,322727.28,250000,72727.27272727272
45007,325588.25,233823.5294117647,91764.70588235294
45011,250000,250000,0
45013,449298.16,381316.6381278539,67981.50684931508
45015,304594.94,261748.3146067416,42846.62921348315
45017,280000,200000,80000
45019,337387.03,280617.3400176939,56769.6844588617
45025,151162.5,119912.5,31250
45027,185388.23,137858.8235294118,47529.41176470588
45029,330677.94,278630.8510638298,52047.07446808511
45031,152720.83,115650,37070.83333333334
45033,186093.48,137280.4347826087,48813.04347826087
45035,233538.75,184493.125,49045.625
45037,105000,75000,30000
45039,204614.81,186840.7407407407,17774.07407407407
45041,174936.31,134829.4736842105,40106.84210526316
45043,368223.94,312458.3241455347,55765.60088202867
45045,207640,157473.3333333333,50166.66666666666
45047,280000,200000,80000
45049,141925,112425,29500
45051,458036.97,401808.8896020539,56228.08087291399
45053,282225.41,215014.2857142857,67211.11111111111
45055,232424.25,205184.8484848485,27239.39393939394
45057,245000,187500,57500
45059,154000,110000,44000
45061,104814.29,79242.85714285714,25571.42857142857
45063,259244.64,197041.0714285714,62203.57142857143
45067,141684.61,116060.2122015915,25624.40318302387
45069,77556.25,64400,13156.25
45071,245000,175000,70000
45073,325000,232142.8571428571,92857.14285714286
45075,254250,182500,71750
45077,267362.5,198612.5,68750
45079,244271.83,191153.5211267606,53118.30985915493
45081,210000,150000,60000
45083,274206.06,200845.4545454546,73360.60606060606
45085,235210.13,167245.5696202532,67964.55696202532
45089,174702.5,130040,44662.5
45091,196765,139995,56770
46003,175000,125000,50000
46005,350000,250000,100000
46009,210000,150000,60000
46011,245350,179759.0909090909,65590.90909090909
46013,195500,145500,50000
46015,141666.67,83333.33333333333,58333.33333333334
46021,350000,250000,100000
46023,181200,137260,43940
46025,280000,200000,80000
46029,193282.61,150130.4347826087,43152.17391304348
46033,103966.66,93966.66666666667,10000
46035,229625,164875,64750
46037,141650,127250,14400
46045,280000,200000,80000
46051,17700,0,17700
46053,105000,75000,30000
46057,257547.44,202573.0769230769,54974.35897435898
46059,350000,250000,100000
46061,193500,138388.8888888889,55111.11111111111
46067,141600,104600,37000
46077,272500,250000,22500
46079,181632.48,137806.5989847716,43825.8883248731
46081,227500,162500,65000
46083,264000,109000,155000
46085,91600,64185.71428571428,27414.28571428571
46087,139600,112833.3333333333,26766.66666666667
46093,145900,145900,0
46099,181304.81,154534.6153846154,26770.19230769231
46101,129862.5,104268.75,25593.75
46103,160831.81,125663.6363636364,35168.18181818182
46109,64950,52700,12250
46115,158250,130266.6666666667,27983.33333333333
46121,129800,129800,0
46125,169371.42,126257.1428571429,43114.28571428572
46127,333911.13,238900,95011.11111111111
46135,271157.91,217473.6842105263,53684.21052631579
47001,166785.72,138214.2857142857,28571.42857142857
47003,203833.33,137166.6666666667,66666.66666666667
47005,256220,225210,31010
47009,260847.22,175197.2222222222,85650
47011,177638.47,142253.8461538462,35384.61538461538
47013,92500,77456.25,15043.75
47015,240388.23,155011.7647058823,85376.4705882353
47017,350000,250000,100000
47019,135373.08,117642.3076923077,17730.76923076923
47021,258123.69,191984.2105263158,66139.47368421052
47025,93066.664,73066.66666666667,20000
47027,121133.34,88600,32533.33333333333
47029,153787.5,125225,28562.5
47031,102283.34,93283.33333333333,9000
47033,350000,250000,100000
47035,315000,225000,90000
47037,250394.08,206219.8453608248,44174.22680412371
47039,223471.42,197119.387755102,26352.04081632653
47041,86740,75420,11320
47043,356000,317857.1428571428,38142.85714285714
47045,128657.14,98942.85714285714,29714.28571428571
47047,315000,225000,90000
47051,167833.33,131166.6666666667,36666.66666666666
47053,114930.77,81800,33130.76923076923
47055,455875,252125,203750
47057,192000,167000,25000
47059,206187.5,152437.5,53750
47061,245000,175000,70000
47063,139228.58,118942.8571428571,20285.71428571429
47065,184528.09,157327.2727272727,27200.82644628099
47067,149000,121875,27125
47071,193772.73,162390.9090909091,31381.81818181818
47073,161766.67,132933.3333333333,28833.33333333333
47075,125140,117140,8000
47077,124266.66,114000,10266.66666666667
47079,250000,200000,50000
47081,148000,112000,36000
47083,77000,77000,0
47085,136074,110944,25130
47087,117450,117450,0
47089,227000,171285.7142857143,55714.28571428572
47091,210000,150000,60000
47093,215296.97,174189.898989899,41107.07070707071
47095,165000,140000,25000
47097,89125,73287.5,15837.5
47101,116000,106000,10000
47103,183280,161080,22200
47105,290462.5,221525,68937.5
47107,200000,150000,50000
47109,293475,168475,125000
47111,105000,75000,30000
47113,259970,180770,79200
47115,189263.64,146718.1818181818,42545.45454545454
47117,137450,107450,30000
47119,186463.64,147800,38663.63636363636
47121,140000,100000,40000
47123,204142.86,152714.2857142857,51428.57142857143
47125,237715.39,186600,51115.38461538462
47129,371500,371500,0
47131,88200,72430.76923076923,15769.23076923077
47135,120325.8,99048.3870967742,21277.41935483871
47139,170044.44,156666.6666666667,13377.77777777778
47141,230833.33,145833.3333333333,85000
47143,162943.75,102093.75,60850
47145,185750,137083.3333333333,48666.66666666666
47147,184964.86,144889.1891891892,40075.67567567567
47149,205000,162895.918367347,42104.08163265306
47153,105000,75000,30000
47155,416320,322728.3333333333,93591.66666666667
47157,291209.19,208780.4597701149,82428.7356321839
47159,167304.34,122956.5217391304,44347.82608695652
47161,128000,100000,28000
47163,255502.38,208650,46852.38095238095
47165,224470.59,178920.1680672269,45550.42016806723
47167,191220.69,147500,43720.68965517241
47169,178750,131250,47500
47171,119961.54,103961.5384615385,16000
47173,350000,250000,100000
47175,151775,135525,16250
47177,205375,151075,54300
47179,348428.56,216428.5714285714,132000
47181,193428.58,153428.5714285714,40000
47183,350000,250000,100000
47185,140000,100000,40000
47187,251771.02,201417.3913043478,50353.6231884058
47189,267885,205720,62165
48001,171611.11,128244.4444444444,43366.66666666666
48005,361487.5,253962.5,107525
48007,305300.47,229900.1527300496,75400.30546009928
48009,307500,232500,75000
48013,47000,47000,0
48015,204758.47,152192.7966101695,52565.67796610169
48019,263300,202664.2857142857,60635.71428571428
48021,214501.41,154899.2957746479,59602.11267605633
48025,255236.36,239100,16136.36363636364
48027,244041.94,176250,67791.93548387097
48029,300682.38,194864.1509433962,105818.2389937107
48035,269100,219100,50000
48037,245407.14,176921.4285714286,68485.71428571429
48039,246253.75,184560.7574003638,61692.98825864065
48041,323008.34,254867.8571428571,68140.47619047618
48043,308050,231800,76250
48047,48000,48000,0
48049,212475,170071.4285714286,42403.57142857143
48051,179590,158090,21500
48053,267965.69,218837.2781065089,49128.40236686391
48055,112400,92400,20000
48057,310431.16,221055.7971014493,89375.36231884058
48059,103100,103100,0
48061,233036.45,170821.4409722222,62215.01736111111
48067,306600,165800,140800
48071,287458.09,204614.3807148795,82843.72402327515
48073,171241.38,139541.3793103448,31700
48077,170971.42,134000,36971.42857142857
48083,130000,130000,0
48085,244269.23,181423.0769230769,62846.15384615384
48087,145000,145000,0
48089,273740,193357.7777777778,80382.22222222222
48091,249442.42,185493.9393939394,63948.48484848485
48093,42000,30000,12000
48097,171480,164400,7080
48099,247800,182000,65800
48109,1000000,500000,500000
48111,159500,134500,25000
48113,265555.31,196505.8608058608,69049.45054945054
48117,350000,250000,100000
48121,286096.47,210292.9411764706,75803.5294117647
48123,185403.7,135707.4074074074,49696.2962962963
48131,350000,250000,100000
48133,135742.67,104786.6666666667,30956
48135,147386.67,108586.6666666667,38800
48139,312323.91,232336.9565217391,79986.95652173914
48141,160829.63,141370.3703703704,19459.25925925926
48143,266625,191625,75000
48147,155378.58,126146.4285714286,29232.14285714286
48149,176194.36,139140.8450704225,37053.52112676056
48157,298914.44,216886.6255961844,82027.82193958665
48159,45000,35000,10000
48161,336000,240000,96000
48167,293654.91,218922.8241655402,74732.07861079338
48171,345000,278333.3333333333,66666.66666666667
48177,225325,174025,51300
48181,213409.67,161972.5806451613,51437.09677419355
48183,255562.22,195055.5555555556,60506.66666666666
48185,140525.58,107237.2093023256,33288.37209302326
48187,271820,203355,68465
48189,180350,130350,50000
48191,140000,100000,40000
48199,262663.56,193709.2814371258,68954.29141716567
48201,277944.22,211342.6148754785,66601.60131765567
48203,159860.19,137658.3333333333,22201.85185185185
48207,104800,76826.66666666667,27973.33333333333
48209,273688.78,209902.0408163265,63786.73469387755
48213,286194.75,210963.1578947369,75231.57894736843
48215,198268.53,144762.5698324022,53505.95903165735
48217,210000,150000,60000
48219,243333.33,166666.6666666667,76666.66666666667
48221,240132,194594,45538
48223,298300,213300,85000
48225,233333.33,166666.6666666667,66666.66666666667
48227,175000,125000,50000
48231,176647.38,147789.4736842105,28857.89473684211
48237,227500,162500,65000
48239,211634.2,171123.6842105263,40510.52631578947
48241,205489.22,147392.1568627451,58097.05882352941
48245,273833.88,197326.5592334495,76507.31707317074
48249,153922.22,102983.3333333333,50938.88888888889
48251,204830.77,150523.0769230769,54307.6923076923
48253,108630,85650,22980
48255,326666.66,233333.3333333333,93333.33333333333
48257,231369.23,169907.6923076923,61461.53846153846
48259,215680,178705,36975
48265,216283.33,172061.1111111111,44222.22222222222
48267,184071.42,152657.1428571429,31414.28571428571
48273,209435.72,149882.1428571429,59553.57142857143
48277,146948.33,111115,35833.33333333334
48281,236500,192916.6666666667,43583.33333333334
48283,35000,35000,0
48285,155266.67,90000,65266.66666666666
48287,79140,63806.66666666666,15333.33333333333
48289,53400,42400,11000
48291,217255.03,158542.3322683706,58712.69968051118
48293,152592.31,116990.3846153846,35601.92307692308
48295,88100,88100,0
48297,46400,35200,11200
48299,271732,227946.8982630273,43785.11166253102
48303,155296.16,139665.3846153846,15630.76923076923
48309,198866.67,145762.9629629629,53103.7037037037
48313,215428.58,161142.8571428571,54285.71428571428
48315,79080,62080,17000
48319,45000,35000,10000
48321,217219.59,164193.4673366834,53026.13065326633
48323,146266.67,94600,51666.66666666666
48325,227118.19,166454.5454545454,60663.63636363636
48327,58766.668,55433.33333333334,3333.333333333333
48329,268928.56,219564.2857142857,49364.28571428572
48331,42500,35000,7500
48337,241125,182375,58750
48339,247504.61,183558.8225427709,63945.79000335458
48343,140000,100000,40000
48347,418000,245000,173000
48349,191250,157500,33750
48351,127893.51,98269.09090909091,29624.41558441558
48353,117890,103570,14320
48355,387704.66,324886.1589247819,62818.50978542797
48361,256602.63,184567.0996784566,72035.52411575563
48363,150013.33,116060,33953.33333333334
48365,45000,35000,10000
48367,194375.67,156845.9459459459,37529.72972972973
48373,183920.83,135179.1666666667,48741.66666666666
48375,185500,138000,47500
48381,242784.61,177315.3846153846,65469.23076923077
48385,40500,40500,0
48389,54500,54500,0
48391,265900,193697.9166666667,72202.08333333333
48397,290013.34,213086.6666666667,76926.66666666667
48399,280000,200000,80000
48401,265833.34,192500,73333.33333333333
48403,45000,35000,10000
48405,180840,138440,42400
48407,118331.73,90912.5,27419.23076923077
48409,259583.72,186161.670235546,73422.0556745182
48411,105000,75000,30000
48423,282330.34,214908.9285714286,67421.42857142857
48425,90650,65650,25000
48427,191550,149516.6666666667,42033.33333333334
48429,113568.75,95493.75,18075
48435,158431.81,117654.5454545455,40777.27272727273
48437,105000,75000,30000
48439,232904.41,178383.3898305085,54521.01694915254
48441,185425,139587.5,45837.5
48445,66000,66000,0
48447,90150,72650,17500
48449,352000,280000,72000
48451,182650,143650,39000
48453,279593.88,235077.7158774373,44516.15598885794
48455,41718.184,34145.45454545454,7572.727272727273
48457,132451.02,100524.4897959184,31926.5306122449
48459,105000,75000,30000
48463,272500,212500,60000
48465,183285.72,137285.7142857143,46000
48467,227177.78,170300,56877.77777777778
48469,228043.7,170784.0336134454,57259.66386554622
48471,217363.52,160204.0540540541,57159.45945945946
48473,232322.7,175206.0317460317,57116.66666666666
48477,202292.86,148126.1904761905,54166.66666666666
48479,257350,211414.2857142857,45935.71428571428
48481,165720.38,136189.3312101911,29531.05095541401
48485,206236.11,163386.1111111111,42850
48489,196222.13,148207.9646017699,48014.1592920354
48491,266037.94,206472.4137931034,59565.51724137931
48493,175000,125000,50000
48497,235100,169211.1111111111,65888.88888888889
48499,183500,131425,52075
48503,182133.33,142133.3333333333,40000
48505,210000,150000,60000
48507,155600,130966.6666666667,24633.33333333333
49003,350000,250000,100000
49005,171750,123566.6666666667,48183.33333333334
49007,226000,176000,50000
49011,404000,260000,144000
49017,350000,250000,100000
49021,227600,166000,61600
49023,70000,50000,20000
49025,172250,172250,0
49035,283000,205470.5882352941,77529.41176470589
49043,1187500,1137500,50000
49045,250000,250000,0
49047,280000,200000,80000
49049,267080,191080,76000
49051,303333.34,216666.6666666667,86666.66666666667
49053,350000,250000,100000
49057,283671.44,220671.4285714286,63000
50001,148710,120830,27880
50003,267516.66,198700,68816.66666666667
50005,106725,31725,75000
50007,257153.84,197815.3846153846,59338.46153846154
50011,177916.67,154175,23741.66666666667
50013,154900,112100,42800
50015,250304.77,208123.8095238095,42180.95238095238
50017,139283.33,122616.6666666667,16666.66666666667
50019,148985.72,110628.5714285714,38357.14285714286
50021,196707.69,160600,36107.6923076923
50023,208150,166650,41500
50025,130866.66,113366.6666666667,17500
50027,226916.67,202833.3333333333,24083.33333333333
51001,199740.98,163636.0655737705,36104.91803278688
51003,256640,207490,49150
51005,137988,106392,31596
51007,300000,250000,50000
51009,440633.34,258333.3333333333,182300
51013,281311.25,205503.75,75807.5
51015,231340,177626.6666666667,53713.33333333334
51017,200666.67,143333.3333333333,57333.33333333334
51019,228555.56,170555.5555555556,58000
51021,169950,159950,10000
51023,186000,172315.7894736842,13684.21052631579
51025,350000,250000,100000
51027,150280,112280,38000
51031,359690.91,300563.6363636364,59127.27272727273
51033,350000,250000,100000
51035,161850,116425,45425
51036,28000,20000,8000
51037,44700,13200,31500
51041,264743.09,203629.3103448276,61113.79310344828
51043,160000,150000,10000
51045,207514.28,154500,53014.28571428572
51047,154914.28,119771.4285714286,35142.85714285714
51049,102766.66,81200,21566.66666666667
51051,315000,225000,90000
51057,267500,217500,50000
51059,253894.47,191344.6366782007,62549.82698961937
51061,199428.58,162857.1428571429,36571.42857142857
51063,175000,125000,50000
51067,295922.22,218144.4444444444,77777.77777777778
51069,220780,164840,55940
51071,145160,116440,28720
51073,227676.47,193741.1764705882,33935.29411764706
51075,245000,175000,70000
51079,168125,137708.3333333333,30416.66666666667
51081,69300,69300,0
51083,204700,144344.4444444444,60355.55555555555
51085,241111.11,200000,41111.11111111111
51087,283367.69,226449.2307692308,56918.46153846154
51089,516781.81,283736.3636363636,233045.4545454546
51093,252145.45,179272.7272727273,72872.72727272728
51095,265433.34,196666.6666666667,68766.66666666667
51097,254500,218000,36500
51099,250000,250000,0
51101,260000,250000,10000
51103,275575,224966.6666666667,50608.33333333334
51107,247636,184756,62880
51109,350000,250000,100000
51113,108400,108400,0
51115,281715.38,231988.4615384615,49726.92307692308
51117,350000,250000,100000
51119,278620,207200,71420
51121,173827.27,147718.1818181818,26109.09090909091
51127,245000,175000,70000
51131,204620,174000,30620
51133,296850,223350,73500
51137,84000,60000,24000
51139,303333.34,216666.6666666667,86666.66666666667
51141,145000,110000,35000
51143,220818.19,172509.0909090909,48309.09090909091
51147,324214.28,272900,51314.28571428572
51149,315000,225000,90000
51153,269952.56,206711.3402061856,63241.23711340207
51155,107252.17,94943.47826086957,12308.69565217391
51157,250000,250000,0
51159,350000,250000,100000
51161,185978.02,159332.967032967,26645.05494505494
51163,105055.55,91833.33333333333,13222.22222222222
51165,321715.38,235392.3076923077,86323.07692307692
51167,143900,104350,39550
51169,237840,169840,68000
51171,204762.5,153787.5,50975
51173,62925,52925,10000
51175,299160,227980,71180
51177,248785.72,185500,63285.71428571428
51179,251842.22,188275.5555555556,63566.66666666666
51181,582000,330000,252000
51185,134366.67,117997.2222222222,16369.44444444445
51187,170158.33,136241.6666666667,33916.66666666666
51191,316603.84,227203.8461538462,89400
51193,329000,235000,94000
51195,125583.34,98227.77777777778,27355.55555555555
51197,176400,126000,50400
51199,318800,232142.8571428571,86657.14285714286
51510,323724.31,230018.3486238532,93705.96330275229
51520,161250,123750,37500
51540,217475,195212.5,22262.5
51550,257326.72,204999.2366412214,52327.48091603054
51570,251244.44,215000,36244.44444444445
51580,127510,103671.6666666667,23838.33333333333
51590,230537.03,195500,35037.03703703704
51595,225800,220000,5800
51600,350000,250000,100000
51610,291806.66,230213.3333333333,61593.33333333334
51620,350850,269500,81350
51630,212083.33,176750,35333.33333333334
51650,251293.66,217088.7804878049,34204.87804878049
51660,226333.33,154666.6666666667,71666.66666666667
51670,173083.33,138083.3333333333,35000
51680,205042.86,151000,54042.85714285714
51683,196000,140000,56000
51685,42000,30000,12000
51690,250000,200000,50000
51700,174908.73,146639.8058252427,28268.93203883495
51710,296790.69,232790.0423728813,64000.63559322034
51720,142300,93200,49100
51730,132966.67,116583.3333333333,16383.33333333333
51735,260450,216333.3333333333,44116.66666666666
51740,234644.23,192011.5241635688,42632.71375464684
51760,347227.78,260750,86477.77777777778
51770,221530.16,190774.6031746032,30755.55555555555
51775,223636.77,197897.0588235294,25739.70588235294
51790,256300,217085,39215
51800,258149.06,200428.3018867924,57720.75471698113
51810,243346.77,199646.8197879859,43699.94110718492
51820,154785.72,121928.5714285714,32857.14285714286
51840,336666.66,309366.6666666667,27300
53003,310700,250000,60700
53005,233333.33,166666.6666666667,66666.66666666667
53007,357000,255000,102000
53009,350000,250000,100000
53011,237600,184000,53600
53013,230709.09,205254.5454545454,25454.54545454546
53015,284988.88,219255.5555555556,65733.33333333333
53019,122700,115333.3333333333,7366.666666666667
53025,287225,212225,75000
53027,213212.5,191962.5,21250
53029,245941.52,205175.4716981132,40766.03773584906
53031,338000,270000,68000
53033,455014.5,395236.0784313725,59778.43137254902
53035,334464.28,246428.5714285714,88035.71428571429
53037,172026.67,142560,29466.66666666667
53041,227300,167300,60000
53043,115500,115500,0
53045,207371.42,177228.5714285714,30142.85714285714
53047,222604.17,183604.1666666667,39000
53049,324287.5,239287.5,85000
53051,228844.44,203333.3333333333,25511.11111111111
53053,286813.78,226186.2068965517,60627.58620689655
53055,350000,250000,100000
53057,232160.61,207460.606060606,24700
53061,264266.66,212123.1884057971,52143.47826086957
53063,408333.34,291666.6666666667,116666.6666666667
53065,315000,225000,90000
53067,259498.05,197629.4117647059,61868.62745098039
53071,188733.33,161542.5925925926,27190.74074074074
53073,205770.38,185631.4814814815,20138.88888888889
53075,184375,169375,15000
53077,256104.08,194712.2448979592,61391.83673469388
54001,187700,187700,0
54003,133344.44,109561.1111111111,23783.33333333333
54005,75000,75000,0
54007,102500,77500,25000
54009,63200,62459.25925925926,740.7407407407408
54011,109837.21,95255.81395348837,14581.39534883721
54013,159416.67,117750,41666.66666666666
54015,106772.5,93527.5,13245
54017,33000,33000,0
54019,94748.273,75396.55172413793,19351.72413793104
54021,119400,89850,29550
54023,291666.66,208333.3333333333,83333.33333333333
54025,123814.49,99764.20454545454,24050.28409090909
54027,113142.86,92857.14285714286,20285.71428571429
54029,116714.29,98142.85714285714,18571.42857142857
54033,116600,86756.25,29843.75
54035,137716.67,109783.3333333333,27933.33333333333
54037,246247.06,189735.294117647,56511.76470588235
54039,137426.81,114140.2234636872,23286.59217877095
54041,180716.67,145783.3333333333,34933.33333333334
54043,86600,85830.76923076923,769.2307692307693
54045,124820,101660,23160
54047,83825,63325,20500
54049,115517.55,96298.24561403508,19219.29824561403
54051,85698.18,76518.18181818182,9180
54053,78571.43,69085.71428571429,9485.714285714286
54055,60300,48000,12300
54057,175000,125000,50000
54059,194428.58,144428.5714285714,50000
54061,237200,194980,42220
54063,98934.781,81834.78260869565,17100
54065,133218.19,118290.9090909091,14927.27272727273
54067,183154.17,127045.8333333333,56108.33333333334
54069,219966.27,150146.9879518072,69819.27710843373
54071,350000,250000,100000
54073,105000,75000,30000
54075,135806.67,94460,41346.66666666666
54077,40000,40000,0
54079,213809.09,176795.4545454546,37013.63636363636
54081,108236.37,89527.27272727272,18709.09090909091
54083,93752.383,75185.71428571429,18566.66666666667
54085,210000,150000,60000
54087,116926.31,86410.52631578948,30515.78947368421
54089,109556.63,88890.36144578313,20666.26506024096
54091,184800,140800,44000
54093,140000,100000,40000
54095,44100,38850,5250
54099,119575,103325,16250
54101,103909.8,84329.41176470589,19580.39215686274
54103,105290.48,86000,19290.47619047619
54105,14900,14900,0
54107,136676.31,122044.7368421053,14631.57894736842
54109,80500,63000,17500
55001,222942.11,161952.6315789474,60989.47368421053
55003,156750,136750,20000
55005,175000,125000,50000
55007,174991.67,136191.6666666667,38800
55009,139366.06,126261.4678899083,13104.5871559633
55011,90500,77000,13500
55013,281428.56,221428.5714285714,60000
55015,148000,114666.6666666667,33333.33333333334
55017,171225,135225,36000
55019,247400,175000,72400
55021,171486,146722,24764
55023,91485.188,77192.5925925926,14292.59259259259
55025,250284.69,186959.4594594595,63325.22522522522
55027,336200,229057.1428571429,107142.8571428571
55029,192840.81,170718.3673469388,22122.44897959184
55031,286000,206000,80000
55033,89000,89000,0
55035,181980,159980,22000
55039,107754.62,92952.30769230769,14802.30769230769
55041,100000,100000,0
55043,123066.66,91266.66666666667,31800
55045,157016.67,131600,25416.66666666667
55047,181342.86,141942.8571428571,39400
55049,177000,177000,0
55053,209800,158500,51300
55055,265711.13,172377.7777777778,93333.33333333333
55057,160120.3,110837.6811594203,49282.60869565218
55059,198060.92,161466.6666666667,36594.25287356321
55061,195666.67,170666.6666666667,25000
55063,156548.39,120103.2258064516,36445.16129032258
55065,79875,74500,5375
55067,30000,30000,0
55071,129916.66,103516.6666666667,26400
55073,168816.67,140700,28116.66666666667
55075,192750,142750,50000
55077,144420,111220,33200
55079,233764,177832,55932
55081,137724.44,113884.4444444444,23840
55083,165722.58,149112.9032258065,16609.67741935484
55085,291666.66,208333.3333333333,83333.33333333333
55087,145210,86640,58570
55089,213543.19,175802.2727272727,37740.90909090909
55091,326666.66,250000,76666.66666666667
55093,231458.83,168811.7647058823,62647.05882352941
55095,28000,20000,8000
55097,150000,120000,30000
55099,30000,30000,0
55101,194123.69,152281.5789473684,41842.10526315789
55103,107895.84,88612.5,19283.33333333333
55105,211573.08,161573.0769230769,50000
55109,238831.42,179991.4285714286,58840
55111,189675.86,139731.0344827586,49944.8275862069
55113,87650,84650,3000
55115,146062.5,125275,20787.5
55117,321500,239500,82000
55121,214848.78,151312.1951219512,63536.58536585366
55123,151204.77,118649.2063492063,32555.55555555555
55127,228796.3,163240.7407407407,65555.55555555556
55129,153733.33,135400,18333.33333333333
55131,235062.5,196250,38812.5
55133,270884.63,196807.6923076923,74076.92307692308
55135,187112.5,150862.5,36250
55137,170769.23,125846.1538461538,44923.07692307692
55139,143870,125500,18370
55141,144370,107740,36630
56001,153700,153700,0
56013,178442.86,147042.8571428571,31400
56015,299880,223880,76000
56021,188633.33,157522.2222222222,31111.11111111111
56025,176725,148725,28000
56029,350000,250000,100000
56031,350000,250000,100000
56033,213405.88,176258.8235294118,37147.05882352941
56037,70200,70200,0
56039,350000,250000,100000
56041,350000,250000,100000
56043,81400,81400,0
72001,117300,17300,100000
72003,224158.33,212491.6666666667,11666.66666666667
72005,172226.67,147480,24746.66666666667
72009,126500,113166.6666666667,13333.33333333333
72011,97940,96233.33333333333,1706.666666666667
72013,184857.14,139691.8367346939,45165.30612244898
72015,140000,100000,40000
72017,422500,333841.6666666667,88658.33333333333
72019,133400,133400,0
72021,110381.82,81290.90909090909,29090.90909090909
72023,238354.55,215900,22454.54545454546
72025,165816.67,110577.7777777778,55238.88888888889
72029,150038.89,129594.4444444444,20444.44444444445
72031,158246.94,136755.1020408163,21491.83673469388
72033,130172.73,124445.4545454545,5727.272727272727
72035,100750,75750,25000
72037,174500,174500,0
72039,108600,108600,0
72045,161000,138000,23000
72047,129000,129000,0
72049,63700,54400,9300
72051,190830,149830,41000
72053,32700,30200,2500
72055,71000,71000,0
72057,124928.57,83842.85714285714,41085.71428571428
72059,147390,96670,50720
72061,255042.11,154247.3684210526,100794.7368421053
72063,201658.33,179158.3333333333,22500
72065,191666.67,86666.66666666667,105000
72067,43850,29695.83333333333,14154.16666666667
72069,131513.8,113634.4827586207,17879.31034482759
72071,180400,130400,50000
72073,181300,181300,0
72075,122425,91925,30500
72077,269320,175320,94000
72081,350000,250000,100000
72085,210000,150000,60000
72087,94300,74300,20000
72089,176325,166500,9825
72091,58800,58800,0
72097,89809.523,76554.76190476191,13254.7619047619
72099,70300,70300,0
72103,345660,145660,200000
72107,385500,292500,93000
72109,312500,272500,40000
72111,189933.33,169666.6666666667,20266.66666666667
72113,163800,151061.9047619048,12738.09523809524
72117,357500,287500,70000
72119,203800,164633.3333333333,39166.66666666666
72123,112564.29,106371.4285714286,6192.857142857143
72125,115500,115500,0
72127,367918,282162.1118012422,85755.90062111801
72129,186000,186000,0
72131,86680,80680,6000
72133,74183.336,67100,7083.333333333333
72135,42000,42000,0
72137,108555.17,86529.31034482758,22025.86206896552
72139,204400,146000,58400
72141,133300,127840,5460
72143,264100,250000,14100
72145,322920.84,195850,127070.8333333333
72147,178875,131375,47500
72151,77600,77600,0
72153,122300,107827.2727272727,14472.72727272727
